bist_time,ask_price1,ask_vol1,ask_price2,ask_vol2,ask_price3,ask_vol3,bid_price1,bid_vol1,bid_price2,bid_vol2,bid_price3,bid_vol3
1663743600232709629,19.93,52586,19.94,5300,None,None,19.92,2,None,None,None,None
1663743600575170650,19.93,52565,19.94,25075,19.95,801,19.92,2,None,None,None,None
1663743600578194994,19.93,52564,19.94,25075,19.95,801,19.92,2,None,None,None,None
1663743600652958895,19.93,51062,19.94,25075,19.95,801,19.92,2,None,None,None,None
1663743600704343042,19.93,50100,19.94,25075,19.95,801,19.92,2,None,None,None,None
1663743600704343042,19.93,47600,19.94,25075,19.95,801,19.92,2,None,None,None,None
1663743601130848327,19.93,47210,19.94,25075,19.95,801,19.92,540,None,None,None,None
1663743601130848327,19.93,47180,19.94,25075,19.95,801,19.92,540,None,None,None,None
1663743601130848327,19.93,46180,19.94,25075,19.95,801,19.92,540,None,None,None,None
1663743601130848327,19.93,46150,19.94,25075,19.95,801,19.92,540,None,None,None,None
1663743601130848327,19.93,46100,19.94,25075,19.95,801,19.92,540,None,None,None,None
1663743601231889855,19.93,45900,19.94,25075,19.95,2835,19.92,37368,19.91,1190,19.9,11239
1663743601232338028,19.93,43600,19.94,25075,19.95,2835,19.92,37368,19.91,1190,19.9,11239
1663743601245783490,19.93,41600,19.94,25075,19.95,2835,19.92,37368,19.91,1190,19.9,13739
1663743601245973093,19.93,41600,19.94,25075,19.95,2835,19.92,36868,19.91,1190,19.9,13739
1663743601248059365,19.93,39300,19.94,25075,19.95,2835,19.92,36868,19.91,1190,19.9,13739
1663743601314989438,19.93,39298,19.94,25075,19.95,2835,19.92,36868,19.91,1190,19.9,13939
1663743601693306204,19.93,39298,19.94,25075,19.95,2835,19.92,36852,19.91,1207,19.9,13994
1663743601693306204,19.93,39298,19.94,25075,19.95,2835,19.92,34669,19.91,1207,19.9,13994
1663743601696629211,19.93,39298,19.94,25075,19.95,2835,19.92,25533,19.91,8941,19.9,14624
1663743601841638484,19.93,39198,19.94,25075,19.95,2835,19.92,25633,19.91,11341,19.9,14624
1663743601993101076,19.93,39198,19.94,25075,19.95,2835,19.92,23433,19.91,11441,19.9,16999
1663743601993101076,19.93,39198,19.94,25075,19.95,2835,19.92,20933,19.91,11441,19.9,16999
1663743601993415832,19.93,39198,19.94,25075,19.95,2835,19.92,13433,19.91,11441,19.9,16999
1663743602187744073,19.93,39198,19.94,25075,19.95,2835,19.92,13408,19.91,11441,19.9,16999
1663743602189175037,19.93,39198,19.94,25075,19.95,2835,19.92,13395,19.91,11441,19.9,17134
1663743602235416224,19.93,39198,19.94,25075,19.95,2835,19.92,3395,19.91,11441,19.9,17134
1663743602237055804,19.92,16567,19.93,39198,19.94,25075,19.91,11441,19.9,17134,19.89,1500
1663743602346490837,19.92,31839,19.93,39198,19.94,25075,19.91,11441,19.9,17134,19.89,1500
1663743602369237369,19.92,32027,19.93,39198,19.94,25075,19.91,9841,19.9,17134,19.89,1500
1663743602519177940,19.92,32127,19.93,39198,19.94,25075,19.91,9839,19.9,17134,19.89,3925
1663743602562508962,19.92,32127,19.93,39198,19.94,25075,19.91,8841,19.9,17134,19.89,3925
1663743603077418877,19.92,44513,19.93,39198,19.94,25075,19.91,6491,19.9,17284,19.89,3925
1663743603077725834,19.92,44513,19.93,39198,19.94,25075,19.9,13775,19.89,3925,19.88,9415
1663743603938086251,19.92,61584,19.93,39198,19.94,25075,19.91,2500,19.9,18775,19.89,3925
1663743604150095055,19.92,61584,19.93,39198,19.94,25075,19.9,18175,19.89,3925,19.88,10505
1663743604150095055,19.92,61584,19.93,39198,19.94,25075,19.9,16415,19.89,3925,19.88,10505
1663743604553883066,19.92,84065,19.93,39787,19.94,25075,19.9,16555,19.89,3925,19.88,10505
1663743604554063027,19.92,84065,19.93,39787,19.94,25075,19.9,13867,19.89,3925,19.88,10505
1663743604646521218,19.92,84064,19.93,47244,19.94,25075,19.9,13867,19.89,3925,19.88,10505
1663743604731023335,19.92,84063,19.93,47244,19.94,27604,19.9,13867,19.89,3925,19.88,10505
1663743604731023335,19.92,84062,19.93,47244,19.94,27604,19.9,13867,19.89,3925,19.88,10505
1663743604731023335,19.92,84061,19.93,47244,19.94,27604,19.9,13867,19.89,3925,19.88,10505
1663743604731023335,19.92,84060,19.93,47244,19.94,27604,19.9,13867,19.89,3925,19.88,10505
1663743604731023335,19.92,84059,19.93,47244,19.94,27604,19.9,13867,19.89,3925,19.88,10505
1663743604731023335,19.92,83064,19.93,47244,19.94,27604,19.9,13867,19.89,3925,19.88,10505
1663743604737571196,19.92,80500,19.93,47244,19.94,27604,19.9,13867,19.89,3925,19.88,10505
1663743605021924245,19.92,78000,19.93,47994,19.94,27604,19.9,13867,19.89,3925,19.88,10505
1663743605099106583,19.92,77930,19.93,47994,19.94,27604,19.9,13867,19.89,3925,19.88,10505
1663743605425853871,19.92,75500,19.93,47994,19.94,27604,19.9,13867,19.89,3925,19.88,10505
1663743605518818530,19.92,74500,19.93,47994,19.94,27604,19.9,13867,19.89,3925,19.88,10505
1663743605518818530,19.92,72376,19.93,47994,19.94,27604,19.9,13867,19.89,3925,19.88,10505
1663743605799638643,19.92,71876,19.93,47994,19.94,27604,19.9,13867,19.89,3925,19.88,10505
1663743605799638643,19.92,64995,19.93,47994,19.94,27604,19.9,13867,19.89,3925,19.88,10505
1663743605843527181,19.92,141644,19.93,47994,19.94,27604,19.9,17967,19.89,3926,19.88,11053
1663743605843527181,19.92,141160,19.93,47994,19.94,27604,19.9,17967,19.89,3926,19.88,11053
1663743605892113669,19.92,141144,19.93,47994,19.94,27604,19.9,17967,19.89,3926,19.88,11053
1663743605907892332,19.92,141136,19.93,47994,19.94,27604,19.91,5,19.9,17968,19.89,3926
1663743605985707994,19.92,141428,19.93,47994,19.94,27604,19.91,5,19.9,17968,19.89,3926
1663743606255909793,19.92,140878,19.93,47994,19.94,27604,19.91,5,19.9,17968,19.89,3926
1663743606544890697,19.92,140876,19.93,47994,19.94,27604,19.91,5,19.9,17968,19.89,3926
1663743606544971595,19.92,140874,19.93,47994,19.94,27604,19.91,5,19.9,17968,19.89,3926
1663743606758202842,19.92,140873,19.93,47994,19.94,27604,19.91,5,19.9,17968,19.89,3926
1663743606934428730,19.92,140872,19.93,47994,19.94,27604,19.91,5,19.9,17968,19.89,3926
1663743606937062052,19.92,140372,19.93,47994,19.94,27604,19.91,5,19.9,17968,19.89,3926
1663743606938149733,19.92,139478,19.93,47994,19.94,27604,19.91,5,19.9,17968,19.89,3926
1663743606938149733,19.92,139477,19.93,47994,19.94,27604,19.91,5,19.9,17968,19.89,3926
1663743606938149733,19.92,139377,19.93,47994,19.94,27604,19.91,5,19.9,17968,19.89,3926
1663743606938149733,19.92,139327,19.93,47994,19.94,27604,19.91,5,19.9,17968,19.89,3926
1663743606938149733,19.92,139277,19.93,47994,19.94,27604,19.91,5,19.9,17968,19.89,3926
1663743606938149733,19.92,139027,19.93,47994,19.94,27604,19.91,5,19.9,17968,19.89,3926
1663743606938149733,19.92,138132,19.93,47994,19.94,27604,19.91,5,19.9,17968,19.89,3926
1663743606938149733,19.92,136644,19.93,47994,19.94,27604,19.91,5,19.9,17968,19.89,3926
1663743606944615372,19.92,136592,19.93,47994,19.94,27604,19.91,5,19.9,17968,19.89,3926
1663743606959074964,19.92,136442,19.93,47994,19.94,27604,19.91,5,19.9,17968,19.89,3926
1663743606959742533,19.92,135942,19.93,47994,19.94,27604,19.91,5,19.9,17968,19.89,3926
1663743606960338942,19.92,135437,19.93,47994,19.94,27604,19.91,5,19.9,17968,19.89,3926
1663743606968027493,19.92,134914,19.93,47994,19.94,27604,19.91,5,19.9,17968,19.89,3926
1663743606996923538,19.92,134913,19.93,47994,19.94,27604,19.91,5,19.9,17968,19.89,3926
1663743606996923538,19.92,134560,19.93,47994,19.94,27604,19.91,5,19.9,17968,19.89,3926
1663743606997464459,19.92,133860,19.93,47994,19.94,27604,19.91,5,19.9,17968,19.89,3926
1663743607012095930,19.92,133760,19.93,47994,19.94,27604,19.91,5,19.9,17968,19.89,3926
1663743607012095930,19.92,133360,19.93,47994,19.94,27604,19.91,5,19.9,17968,19.89,3926
1663743607040048471,19.92,130810,19.93,47994,19.94,27604,19.91,5,19.9,17968,19.89,3926
1663743607062448667,19.92,129810,19.93,47994,19.94,27604,19.91,5,19.9,17968,19.89,3926
1663743607067595679,19.92,129610,19.93,47994,19.94,27604,19.91,5,19.9,17968,19.89,3926
1663743607067909201,19.92,128610,19.93,47994,19.94,27604,19.91,5,19.9,17968,19.89,3926
1663743607069052774,19.92,128460,19.93,47994,19.94,27604,19.91,5,19.9,17968,19.89,3926
1663743607089063331,19.92,128440,19.93,47994,19.94,27604,19.91,5,19.9,17968,19.89,3926
1663743607089063331,19.92,128160,19.93,47994,19.94,27604,19.91,5,19.9,17968,19.89,3926
1663743607415392442,19.92,128150,19.93,47994,19.94,27604,19.91,5,19.9,17968,19.89,3926
1663743607415392442,19.92,128001,19.93,47994,19.94,27604,19.91,5,19.9,17968,19.89,3926
1663743607415392442,19.92,127940,19.93,47994,19.94,27604,19.91,5,19.9,17968,19.89,3926
1663743607479260168,19.92,127939,19.93,47994,19.94,27604,19.91,5,19.9,17968,19.89,3926
1663743607515122983,19.92,127929,19.93,47994,19.94,27604,19.91,5,19.9,17968,19.89,3926
1663743607997696724,19.92,127829,19.93,47994,19.94,27604,19.91,5,19.9,17968,19.89,3926
1663743607998168109,19.92,127815,19.93,47994,19.94,27604,19.91,5,19.9,17968,19.89,3926
1663743608101729775,19.92,127795,19.93,47994,19.94,27604,19.91,5,19.9,17968,19.89,3926
1663743608101729775,19.92,127695,19.93,47994,19.94,27604,19.91,5,19.9,17968,19.89,3926
1663743608101729775,19.92,127630,19.93,47994,19.94,27604,19.91,5,19.9,17968,19.89,3926
1663743608101729775,19.92,127616,19.93,47994,19.94,27604,19.91,5,19.9,17968,19.89,3926
1663743608101729775,19.92,127615,19.93,47994,19.94,27604,19.91,5,19.9,17968,19.89,3926
1663743608101729775,19.92,127595,19.93,47994,19.94,27604,19.91,5,19.9,17968,19.89,3926
1663743608101729775,19.92,127585,19.93,47994,19.94,27604,19.91,5,19.9,17968,19.89,3926
1663743608101729775,19.92,127513,19.93,47994,19.94,27604,19.91,5,19.9,17968,19.89,3926
1663743608857795841,19.92,127651,19.93,47994,19.94,27604,19.91,5,19.9,18168,19.89,3926
1663743609113579955,19.92,127231,19.93,47994,19.94,27604,19.91,5,19.9,18168,19.89,3926
1663743609113579955,19.92,127161,19.93,47994,19.94,27604,19.91,5,19.9,18168,19.89,3926
1663743609193882458,19.92,126661,19.93,47994,19.94,27604,19.91,5,19.9,18168,19.89,3926
1663743609193882458,19.92,124661,19.93,47994,19.94,27604,19.91,5,19.9,18168,19.89,3926
1663743609194427005,19.92,119231,19.93,47994,19.94,27604,19.91,5,19.9,18168,19.89,3926
1663743609198895642,19.92,123001,19.93,47994,19.94,27604,19.91,5,19.9,18499,19.89,3926
1663743609265379829,19.92,122999,19.93,47994,19.94,27604,19.91,506,19.9,18499,19.89,3926
1663743609573880260,19.92,123047,19.93,47994,19.94,27604,19.91,787,19.9,18499,19.89,3926
1663743609573880260,19.92,123019,19.93,47994,19.94,27604,19.91,787,19.9,18499,19.89,3926
1663743610545188604,19.92,122019,19.93,47994,19.94,27604,19.91,787,19.9,18499,19.89,3926
1663743610545188604,19.92,122018,19.93,47994,19.94,27604,19.91,787,19.9,18499,19.89,3926
1663743610545188604,19.92,122008,19.93,47994,19.94,27604,19.91,787,19.9,18499,19.89,3926
1663743610545188604,19.92,121658,19.93,47994,19.94,27604,19.91,787,19.9,18499,19.89,3926
1663743610545188604,19.92,121656,19.93,47994,19.94,27604,19.91,787,19.9,18499,19.89,3926
1663743610545188604,19.92,121654,19.93,47994,19.94,27604,19.91,787,19.9,18499,19.89,3926
1663743610545188604,19.92,121652,19.93,47994,19.94,27604,19.91,787,19.9,18499,19.89,3926
1663743610545188604,19.92,121650,19.93,47994,19.94,27604,19.91,787,19.9,18499,19.89,3926
1663743610545188604,19.92,121648,19.93,47994,19.94,27604,19.91,787,19.9,18499,19.89,3926
1663743610545188604,19.92,121646,19.93,47994,19.94,27604,19.91,787,19.9,18499,19.89,3926
1663743610545188604,19.92,121019,19.93,47994,19.94,27604,19.91,787,19.9,18499,19.89,3926
1663743611156831275,19.92,121017,19.93,47994,19.94,27604,19.91,787,19.9,18499,19.89,3926
1663743611156831275,19.92,121015,19.93,47994,19.94,27604,19.91,787,19.9,18499,19.89,3926
1663743611156831275,19.92,120965,19.93,47994,19.94,27604,19.91,787,19.9,18499,19.89,3926
1663743611156831275,19.92,119620,19.93,47994,19.94,27604,19.91,787,19.9,18499,19.89,3926
1663743611156831275,19.92,119520,19.93,47994,19.94,27604,19.91,787,19.9,18499,19.89,3926
1663743611156831275,19.92,119519,19.93,47994,19.94,27604,19.91,787,19.9,18499,19.89,3926
1663743611156831275,19.92,119518,19.93,47994,19.94,27604,19.91,787,19.9,18499,19.89,3926
1663743611156831275,19.92,119118,19.93,47994,19.94,27604,19.91,787,19.9,18499,19.89,3926
1663743611156831275,19.92,118119,19.93,47994,19.94,27604,19.91,787,19.9,18499,19.89,3926
1663743611632901248,19.92,118117,19.93,47994,19.94,27604,19.91,1887,19.9,18499,19.89,3926
1663743613019464718,19.92,118116,19.93,47994,19.94,27604,19.91,1887,19.9,18499,19.89,3926
1663743613428416311,19.92,115115,19.93,47994,19.94,27604,19.91,1887,19.9,18499,19.89,3926
1663743613578934278,19.92,115114,19.93,47994,19.94,27604,19.91,1887,19.9,18499,19.89,3926
1663743614887460273,19.92,114913,19.93,47994,19.94,27604,19.91,1887,19.9,18499,19.89,3926
1663743615053338781,19.92,114911,19.93,47994,19.94,27604,19.91,1887,19.9,18499,19.89,3926
1663743615519099221,19.92,114909,19.93,47994,19.94,27604,19.91,1887,19.9,18499,19.89,3926
1663743615983823995,19.92,114907,19.93,47994,19.94,27604,19.91,1887,19.9,18499,19.89,3926
1663743616463252361,19.92,114903,19.93,47994,19.94,27604,19.91,1887,19.9,18499,19.89,3926
1663743616463252361,19.92,114657,19.93,47994,19.94,27604,19.91,1887,19.9,18499,19.89,3926
1663743616917630682,19.92,113657,19.93,47994,19.94,27604,19.91,1887,19.9,18499,19.89,3926
1663743616949595402,19.92,113157,19.93,47994,19.94,27604,19.91,1887,19.9,18499,19.89,3926
1663743617391757417,19.92,113156,19.93,47994,19.94,27604,19.91,5,19.9,18499,19.89,3926
1663743617391757417,19.92,113057,19.93,47994,19.94,27604,19.91,5,19.9,18499,19.89,3926
1663743619571803243,19.92,110830,19.93,47994,19.94,27604,19.91,5,19.9,18499,19.89,3926
1663743619571849448,19.92,105038,19.93,47994,19.94,27604,19.91,5,19.9,18499,19.89,3926
1663743619704425087,19.92,103538,19.93,47994,19.94,27604,19.91,5,19.9,18499,19.89,3926
1663743620000487550,19.92,102538,19.93,47994,19.94,27604,19.91,5,19.9,18499,19.89,3926
1663743621230823491,19.92,102491,19.93,47994,19.94,27604,19.91,5,19.9,18499,19.89,3926
1663743624885528853,19.92,102481,19.93,47994,19.94,27604,19.91,5,19.9,18499,19.89,3926
1663743626123776947,19.92,100481,19.93,47994,19.94,27604,19.91,5,19.9,18499,19.89,3926
1663743626964675967,19.92,99481,19.93,47994,19.94,27604,19.91,5,19.9,18499,19.89,3926
1663743627274794723,19.92,99381,19.93,47994,19.94,27604,19.91,5,19.9,18499,19.89,3926
1663743627958882825,19.92,97381,19.93,47994,19.94,27604,19.91,5,19.9,18499,19.89,3926
1663743627958882825,19.92,96381,19.93,47994,19.94,27604,19.91,5,19.9,18499,19.89,3926
1663743628726384013,19.92,95381,19.93,47994,19.94,27604,19.91,5,19.9,18499,19.89,3926
1663743628726384013,19.92,90364,19.93,47994,19.94,27604,19.91,5,19.9,18499,19.89,3926
1663743628726384013,19.92,89411,19.93,47994,19.94,27604,19.91,5,19.9,18499,19.89,3926
1663743628726384013,19.92,87411,19.93,47994,19.94,27604,19.91,5,19.9,18499,19.89,3926
1663743628726384013,19.92,84369,19.93,47994,19.94,27604,19.91,5,19.9,18499,19.89,3926
1663743628944218584,19.92,84279,19.93,47994,19.94,27604,19.91,5,19.9,18499,19.89,3926
1663743629003778600,19.93,35405,19.94,27604,19.95,6941,19.91,5,19.9,18499,19.89,3926
1663743629003778600,19.93,35255,19.94,27604,19.95,6941,19.91,5,19.9,18499,19.89,3926
1663743630055039054,19.93,34255,19.94,27604,19.95,6941,19.91,5,19.9,18499,19.89,3926
1663743630055039054,19.93,33255,19.94,27604,19.95,6941,19.91,5,19.9,18499,19.89,3926
1663743630055039054,19.93,27365,19.94,27604,19.95,6941,19.91,5,19.9,18499,19.89,3926
1663743630055565488,19.93,22316,19.94,27604,19.95,6941,19.91,5,19.9,18499,19.89,3926
1663743630055565488,19.93,22314,19.94,27604,19.95,6941,19.91,5,19.9,18499,19.89,3926
1663743630055565488,19.93,22312,19.94,27604,19.95,6941,19.91,5,19.9,18499,19.89,3926
1663743630055565488,19.93,22310,19.94,27604,19.95,6941,19.91,5,19.9,18499,19.89,3926
1663743630055565488,19.93,22308,19.94,27604,19.95,6941,19.91,5,19.9,18499,19.89,3926
1663743630055565488,19.93,22306,19.94,27604,19.95,6941,19.91,5,19.9,18499,19.89,3926
1663743630055565488,19.93,22304,19.94,27604,19.95,6941,19.91,5,19.9,18499,19.89,3926
1663743630055565488,19.93,22302,19.94,27604,19.95,6941,19.91,5,19.9,18499,19.89,3926
1663743630055565488,19.93,22300,19.94,27604,19.95,6941,19.91,5,19.9,18499,19.89,3926
1663743630055565488,19.93,22298,19.94,27604,19.95,6941,19.91,5,19.9,18499,19.89,3926
1663743630055565488,19.93,22296,19.94,27604,19.95,6941,19.91,5,19.9,18499,19.89,3926
1663743630055565488,19.93,22294,19.94,27604,19.95,6941,19.91,5,19.9,18499,19.89,3926
1663743630055565488,19.93,21389,19.94,27604,19.95,6941,19.91,5,19.9,18499,19.89,3926
1663743630143376369,19.93,15499,19.94,42399,19.95,6941,19.91,5,19.9,18499,19.89,3926
1663743630255101281,19.93,13987,19.94,42399,19.95,6941,19.91,5,19.9,18499,19.89,3926
1663743633450514383,19.93,11478,19.94,42399,19.95,6941,19.91,5,19.9,18499,19.89,3926
1663743635731668741,19.93,14740,19.94,42399,19.95,6941,19.92,58461,19.91,5327,19.9,45289
1663743636890790737,19.93,14740,19.94,42399,19.95,6941,19.92,58451,19.91,5327,19.9,45289
1663743636892539970,19.93,14740,19.94,42399,19.95,6941,19.92,58441,19.91,5327,19.9,45289
1663743637106529760,19.93,14740,19.94,42399,19.95,6941,19.92,58416,19.91,5327,19.9,45289
1663743637968338131,19.93,14740,19.94,42399,19.95,6941,19.92,56316,19.91,5327,19.9,45289
1663743637968338131,19.93,14740,19.94,42399,19.95,6941,19.92,55907,19.91,5327,19.9,45289
1663743638940985950,19.93,14740,19.94,42399,19.95,6941,19.92,53944,19.91,5327,19.9,45289
1663743638940985950,19.93,14740,19.94,42399,19.95,6941,19.92,53907,19.91,5327,19.9,45289
1663743639048312572,19.93,14740,19.94,42399,19.95,6941,19.92,53270,19.91,5327,19.9,45289
1663743640106091098,19.93,14740,19.94,42399,19.95,6941,19.92,52270,19.91,5327,19.9,144652
1663743640904125469,19.93,14740,19.94,42399,19.95,6941,19.92,52170,19.91,5327,19.9,144652
1663743641395668642,19.93,14740,19.94,42399,19.95,6941,19.92,47670,19.91,5327,19.9,144652
1663743641395829276,19.93,14740,19.94,42399,19.95,6941,19.92,41270,19.91,5327,19.9,144652
1663743641395829276,19.93,14740,19.94,42399,19.95,6941,19.92,40596,19.91,5327,19.9,144652
1663743642353474007,19.93,14740,19.94,42399,19.95,6941,19.92,40496,19.91,5327,19.9,144652
1663743643425161031,19.93,14740,19.94,42399,19.95,6941,19.92,39496,19.91,5327,19.9,144652
1663743643566167196,19.93,14740,19.94,42399,19.95,6941,19.92,38124,19.91,5327,19.9,144652
1663743643566167196,19.93,14740,19.94,42399,19.95,6941,19.92,37481,19.91,5327,19.9,144652
1663743644766183807,19.93,14740,19.94,42399,19.95,6941,19.92,37473,19.91,5327,19.9,144652
1663743644831562696,19.93,14740,19.94,42399,19.95,6941,19.92,37124,19.91,5327,19.9,144652
1663743644831562696,19.93,14740,19.94,42399,19.95,6941,19.92,26263,19.91,5327,19.9,144652
1663743644831562696,19.93,14740,19.94,42399,19.95,6941,19.92,24910,19.91,5327,19.9,144652
1663743644855051160,19.93,14740,19.94,42399,19.95,6941,19.92,24410,19.91,5327,19.9,144652
1663743645102621589,19.93,14740,19.94,42399,19.95,6941,19.92,23736,19.91,5327,19.9,144752
1663743645103079933,19.93,14740,19.94,42399,19.95,6941,19.92,23110,19.91,5327,19.9,144752
1663743646082271657,19.93,14740,19.94,42399,19.95,6941,19.92,22960,19.91,5327,19.9,144752
1663743646594821742,19.93,14740,19.94,42399,19.95,6941,19.92,22157,19.91,5327,19.9,144752
1663743646594821742,19.93,14740,19.94,42399,19.95,6941,19.92,19788,19.91,5327,19.9,144752
1663743647387747447,19.93,14740,19.94,42399,19.95,6941,19.92,19763,19.91,5327,19.9,144752
1663743647387747447,19.93,14740,19.94,42399,19.95,6941,19.92,19688,19.91,5327,19.9,144752
1663743650144370555,19.93,14740,19.94,42399,19.95,6941,19.92,19468,19.91,5327,19.9,144752
1663743650235567768,19.93,14740,19.94,42399,19.95,6941,19.92,19368,19.91,5327,19.9,144752
1663743650235567768,19.93,14740,19.94,42399,19.95,6941,19.92,17482,19.91,5327,19.9,144752
1663743650235567768,19.93,14740,19.94,42399,19.95,6941,19.92,16391,19.91,5327,19.9,144752
1663743650987943364,19.93,14740,19.94,42399,19.95,6941,19.92,16389,19.91,5327,19.9,144802
1663743651304229195,19.93,14740,19.94,42399,19.95,6941,19.92,16341,19.91,5327,19.9,144802
1663743652832947682,19.93,14740,19.94,42399,19.95,6941,19.92,17158,19.91,5498,19.9,144802
1663743653392301073,19.93,14740,19.94,42399,19.95,6941,19.92,16658,19.91,5498,19.9,144802
1663743654128171960,19.93,14740,19.94,42399,19.95,6941,19.92,14793,19.91,7828,19.9,145504
1663743655788602093,19.93,18373,19.94,42499,19.95,7141,19.92,17293,19.91,7828,19.9,145504
1663743655788659019,19.93,17173,19.94,42499,19.95,7141,19.92,17293,19.91,7828,19.9,145504
1663743655788680883,19.93,16878,19.94,42499,19.95,7141,19.92,17293,19.91,7828,19.9,145504
1663743655952242214,19.93,14377,19.94,42499,19.95,7141,19.92,17293,19.91,7828,19.9,145504
1663743655993249262,19.93,12623,19.94,42499,19.95,7141,19.92,17293,19.91,7828,19.9,145504
1663743656099959858,19.93,11876,19.94,42499,19.95,7141,19.92,17293,19.91,7828,19.9,145504
1663743656099959858,19.93,11866,19.94,42499,19.95,7141,19.92,17293,19.91,7828,19.9,145504
1663743656099959858,19.93,11418,19.94,42499,19.95,7141,19.92,17293,19.91,7828,19.9,145504
1663743658480872874,19.93,10918,19.94,42499,19.95,7141,19.92,17293,19.91,7828,19.9,145504
1663743658481175261,19.93,10418,19.94,42499,19.95,7141,19.92,17293,19.91,7828,19.9,145504
1663743658481175261,19.93,10018,19.94,42499,19.95,7141,19.92,17293,19.91,7828,19.9,145504
1663743658481175261,19.93,10017,19.94,42499,19.95,7141,19.92,17293,19.91,7828,19.9,145504
1663743659598593742,19.93,9998,19.94,42499,19.95,7141,19.92,17293,19.91,7828,19.9,145504
1663743659775141466,19.93,9531,19.94,42499,19.95,8674,19.92,17293,19.91,7828,19.9,145504
1663743660002060953,19.93,9530,19.94,42499,19.95,8674,19.92,17293,19.91,7828,19.9,145504
1663743661014974006,19.93,9214,19.94,42499,19.95,8674,19.92,17293,19.91,7828,19.9,145504
1663743661014974006,19.93,9203,19.94,42499,19.95,8674,19.92,17293,19.91,7828,19.9,145504
1663743661014974006,19.93,9030,19.94,42499,19.95,8674,19.92,17293,19.91,7828,19.9,145504
1663743661543107406,19.93,8657,19.94,42499,19.95,8674,19.92,17293,19.91,7828,19.9,145504
1663743661543107406,19.93,8415,19.94,42499,19.95,8674,19.92,17293,19.91,7828,19.9,145504
1663743661543107406,19.93,7345,19.94,42499,19.95,8674,19.92,17293,19.91,7828,19.9,145504
1663743661543107406,19.93,5445,19.94,42499,19.95,8674,19.92,17293,19.91,7828,19.9,145504
1663743661876317024,19.93,5345,19.94,42499,19.95,8855,19.92,17293,19.91,7828,19.9,145504
1663743662178370036,19.93,5072,19.94,42499,19.95,8855,19.92,17293,19.91,7828,19.9,145504
1663743662178370036,19.93,5071,19.94,42499,19.95,8855,19.92,17293,19.91,7828,19.9,145504
1663743662178370036,19.93,4345,19.94,42499,19.95,8855,19.92,17293,19.91,7828,19.9,145504
1663743662178693526,19.93,2554,19.94,42499,19.95,8855,19.92,17293,19.91,7828,19.9,145504
1663743662469388496,19.93,2529,19.94,42499,19.95,8855,19.92,17293,19.91,7828,19.9,145504
1663743662958058039,19.93,2330,19.94,42499,19.95,8855,19.92,17293,19.91,7828,19.9,145504
1663743662988354645,19.93,2280,19.94,42499,19.95,8855,19.92,17293,19.91,7828,19.9,145504
1663743664977668113,19.93,1944,19.94,42499,19.95,8855,19.92,17293,19.91,7828,19.9,145504
1663743664977668113,19.93,1896,19.94,42499,19.95,8855,19.92,17293,19.91,7828,19.9,145504
1663743664977668113,19.93,1640,19.94,42499,19.95,8855,19.92,17293,19.91,7828,19.9,145504
1663743664977668113,19.93,1480,19.94,42499,19.95,8855,19.92,17293,19.91,7828,19.9,145504
1663743665339884582,19.93,1144,19.94,42499,19.95,8855,19.92,17293,19.91,7828,19.9,145504
1663743665558657248,19.93,1044,19.94,42499,19.95,8855,19.92,17293,19.91,7828,19.9,145504
1663743666811244766,19.94,41092,19.95,8855,19.96,17294,19.92,17293,19.91,7828,19.9,145504
1663743666811244766,19.94,33092,19.95,8855,19.96,17294,19.92,17293,19.91,7828,19.9,145504
1663743666930404141,19.94,33042,19.95,8855,19.96,17294,19.92,17293,19.91,7828,19.9,145504
1663743667568178541,19.94,32868,19.95,8855,19.96,17294,19.92,17293,19.91,7828,19.9,145504
1663743667568178541,19.94,32734,19.95,8855,19.96,17294,19.92,17293,19.91,7828,19.9,145504
1663743667568178541,19.94,31752,19.95,8855,19.96,17294,19.92,17293,19.91,7828,19.9,145504
1663743668224248158,19.94,30484,19.95,8855,19.96,17294,19.92,17293,19.91,7828,19.9,145504
1663743668441691945,19.94,30483,19.95,8855,19.96,17294,19.92,17293,19.91,7828,19.9,145504
1663743668441720450,19.94,28983,19.95,8855,19.96,17294,19.92,17293,19.91,7828,19.9,145504
1663743668454481701,19.94,28683,19.95,8855,19.96,17294,19.92,17293,19.91,7828,19.9,145504
1663743668837305285,19.94,28663,19.95,8855,19.96,17294,19.92,17293,19.91,7828,19.9,145504
1663743669067894579,19.94,28243,19.95,8855,19.96,17294,19.92,17293,19.91,7828,19.9,145504
1663743669067894579,19.94,26663,19.95,8855,19.96,17294,19.92,17293,19.91,7828,19.9,145504
1663743670638896658,19.94,26643,19.95,8855,19.96,17294,19.92,17293,19.91,7828,19.9,145504
1663743670857986972,19.94,25985,19.95,8855,19.96,17294,19.92,17293,19.91,7828,19.9,145504
1663743670938311677,19.94,22565,19.95,8855,19.96,17294,19.92,17293,19.91,7828,19.9,145504
1663743670938311677,19.94,20582,19.95,8855,19.96,17294,19.92,17293,19.91,7828,19.9,145504
1663743670938311677,19.94,10582,19.95,8855,19.96,17294,19.92,17293,19.91,7828,19.9,145504
1663743670938422355,19.94,10381,19.95,8855,19.96,17294,19.92,17293,19.91,7828,19.9,145504
1663743670938422355,19.94,8096,19.95,8855,19.96,17294,19.92,17293,19.91,7828,19.9,145504
1663743671020474998,19.94,5645,19.95,8855,19.96,17294,19.92,17293,19.91,7828,19.9,145504
1663743671104286279,19.94,3194,19.95,8855,19.96,17294,19.92,17293,19.91,7828,19.9,145504
1663743671104483053,19.94,2516,19.95,8855,19.96,17294,19.92,17293,19.91,7828,19.9,145504
1663743671190276351,19.94,1467,19.95,8855,19.96,17294,19.92,17293,19.91,7828,19.9,145504
1663743671190468354,19.95,8332,19.96,17294,19.97,6201,19.92,17293,19.91,7828,19.9,145504
1663743671506857190,19.95,7654,19.96,17294,19.97,6201,19.92,17293,19.91,7828,19.9,145504
1663743671506933625,19.95,5917,19.96,17294,19.97,6201,19.92,17293,19.91,7828,19.9,145504
1663743671506975387,19.95,5006,19.96,17294,19.97,6201,19.92,17293,19.91,7828,19.9,145504
1663743672899337779,19.95,4996,19.96,17294,19.97,6201,19.92,17293,19.91,7828,19.9,145504
1663743675646664207,19.95,4953,19.96,17294,19.97,6201,19.92,17293,19.91,7828,19.9,145504
1663743676175995914,19.95,3953,19.96,17294,19.97,6201,19.92,17293,19.91,7828,19.9,145504
1663743676175995914,19.95,3896,19.96,17294,19.97,6201,19.92,17293,19.91,7828,19.9,145504
1663743676175995914,19.95,2113,19.96,17294,19.97,6201,19.92,17293,19.91,7828,19.9,145504
1663743676175995914,19.96,14247,19.97,6201,19.98,26926,19.92,17293,19.91,7828,19.9,145504
1663743677100911268,19.96,9706,19.97,6201,19.98,26926,19.92,17293,19.91,7828,19.9,145504
1663743677587854967,19.96,8985,19.97,6201,19.98,26926,19.92,17293,19.91,7828,19.9,145504
1663743678149663032,19.96,8264,19.97,6201,19.98,26926,19.92,17293,19.91,7828,19.9,145504
1663743678491678035,19.96,5499,19.97,6201,19.98,26926,19.92,17293,19.91,7828,19.9,145504
1663743678491918620,19.97,4186,19.98,26926,19.99,31800,19.92,17293,19.91,7828,19.9,145504
1663743678492669148,19.97,1785,19.98,26926,19.99,31800,19.92,17293,19.91,7828,19.9,145504
1663743678492669148,19.98,18200,19.99,31800,20.0,86924,19.92,17293,19.91,7828,19.9,145504
1663743678492669148,19.98,17741,19.99,31800,20.0,86924,19.92,17293,19.91,7828,19.9,145504
1663743678492669148,19.98,16582,19.99,31800,20.0,86924,19.92,17293,19.91,7828,19.9,145504
1663743678492669148,19.98,15861,19.99,31800,20.0,86924,19.92,17293,19.91,7828,19.9,145504
1663743678492669148,19.98,13360,19.99,31800,20.0,86924,19.92,17293,19.91,7828,19.9,145504
1663743678492669148,19.98,1086,19.99,31800,20.0,86924,19.92,17293,19.91,7828,19.9,145504
1663743678492669148,20.0,82722,20.02,90753,20.04,29134,19.92,17293,19.91,7828,19.9,145504
1663743678492739252,20.0,69810,20.02,90753,20.04,29134,19.92,17293,19.91,7828,19.9,145504
1663743678494018476,20.0,69089,20.02,90753,20.04,29134,19.99,22513,19.98,3304,19.92,17293
1663743678495330688,20.0,69058,20.02,90753,20.04,29134,19.99,22513,19.98,5805,19.92,17293
1663743678495572787,20.0,67126,20.02,90753,20.04,29134,19.99,22513,19.98,5805,19.92,17293
1663743678863188210,20.0,66588,20.02,90753,20.04,30634,19.99,22513,19.98,1927,19.92,17293
1663743681058450326,20.0,66488,20.02,103459,20.04,29134,19.99,22583,19.98,1927,19.92,17293
1663743681058516815,20.0,64248,20.02,103459,20.04,29134,19.99,22583,19.98,1927,19.92,17293
1663743681783890678,20.0,64048,20.02,104109,20.04,29134,19.99,22583,19.98,1927,19.92,17293
1663743682245140625,20.0,62048,20.02,104109,20.04,34134,19.99,22583,19.98,1927,19.92,17293
1663743684539160071,20.0,61698,20.02,104109,20.04,36634,19.99,22583,19.98,1927,19.92,17293
1663743685242284837,20.0,61538,20.02,104109,20.04,37634,19.99,22583,19.98,1927,19.92,17293
1663743686559928709,20.0,60539,20.02,104109,20.04,38154,19.99,22583,19.98,1927,19.92,17293
1663743686598152423,20.0,60512,20.02,104109,20.04,38154,19.99,22583,19.98,1927,19.92,17293
1663743686942419030,20.0,53898,20.02,104109,20.04,38154,19.99,22583,19.98,1927,19.92,17293
1663743686942419030,20.0,53177,20.02,104109,20.04,38154,19.99,22583,19.98,1927,19.92,17293
1663743686942419030,20.0,51396,20.02,104109,20.04,38154,19.99,22583,19.98,1927,19.92,17293
1663743686942419030,20.0,50469,20.02,104109,20.04,38154,19.99,22583,19.98,1927,19.92,17293
1663743686942419030,20.0,46469,20.02,104109,20.04,38154,19.99,22583,19.98,1927,19.92,17293
1663743686942419030,20.0,41396,20.02,104109,20.04,38154,19.99,22583,19.98,1927,19.92,17293
1663743686942419030,20.0,39463,20.02,104109,20.04,38154,19.99,22583,19.98,1927,19.92,17293
1663743686942419030,20.0,29463,20.02,104109,20.04,38154,19.99,22583,19.98,1927,19.92,17293
1663743686942419030,20.0,29363,20.02,104109,20.04,38154,19.99,22583,19.98,1927,19.92,17293
1663743686942419030,20.0,28217,20.02,104109,20.04,38154,19.99,22583,19.98,1927,19.92,17293
1663743686942419030,20.0,25716,20.02,104109,20.04,38154,19.99,22583,19.98,1927,19.92,17293
1663743686942419030,20.0,24896,20.02,104109,20.04,38154,19.99,22583,19.98,1927,19.92,17293
1663743686942419030,20.0,24175,20.02,104109,20.04,38154,19.99,22583,19.98,1927,19.92,17293
1663743686942419030,20.0,21937,20.02,104109,20.04,38154,19.99,22583,19.98,1927,19.92,17293
1663743686942419030,20.0,10958,20.02,104109,20.04,38154,19.99,22583,19.98,1927,19.92,17293
1663743686942419030,20.0,10512,20.02,104109,20.04,38154,19.99,22583,19.98,1927,19.92,17293
1663743688712844251,20.02,103621,20.04,40262,20.06,7358,19.99,22513,19.98,1927,19.92,17293
1663743688713902966,20.02,101438,20.04,40262,20.06,7358,19.99,22513,19.98,1927,19.92,17293
1663743688715020480,20.02,99153,20.04,40262,20.06,7358,19.99,22513,19.98,1927,19.92,17293
1663743688715020480,20.02,98938,20.04,40262,20.06,7358,19.99,22513,19.98,1927,19.92,17293
1663743688715293868,20.02,97008,20.04,40262,20.06,7358,19.99,22513,19.98,1927,19.92,17293
1663743690312445057,20.02,96933,20.04,40262,20.06,7364,19.99,22513,19.98,1927,19.92,17293
1663743691873626698,20.02,96883,20.04,40262,20.06,33485,19.99,22513,19.98,1927,19.92,17293
1663743692666699342,20.02,96007,20.04,40262,20.06,33485,19.99,22513,19.98,1927,19.92,17293
1663743692666699342,20.02,95586,20.04,40262,20.06,33485,19.99,22513,19.98,1927,19.92,17293
1663743694089738500,20.02,94782,20.04,40262,20.06,33485,19.99,22513,19.98,1927,19.92,17293
1663743694089738500,20.02,93586,20.04,40262,20.06,33485,19.99,22513,19.98,1927,19.92,17293
1663743694090295895,20.02,92782,20.04,40262,20.06,33485,19.99,22513,19.98,1927,19.92,17293
1663743694132065282,20.02,91978,20.04,40262,20.06,33485,19.99,22513,19.98,1927,19.92,17293
1663743694132065282,20.02,91674,20.04,40262,20.06,33485,19.99,22513,19.98,1927,19.92,17293
1663743694132065282,20.02,88782,20.04,40262,20.06,33485,19.99,22513,19.98,1927,19.92,17293
1663743694495911330,20.02,88683,20.04,40262,20.06,33485,19.99,22513,19.98,1927,19.92,17293
1663743696197001613,20.02,87183,20.04,40262,20.06,33485,19.99,22513,19.98,1927,19.92,17293
1663743696197001613,20.02,86379,20.04,40262,20.06,33485,19.99,22513,19.98,1927,19.92,17293
1663743696197001613,20.02,74933,20.04,40262,20.06,33485,19.99,22513,19.98,1927,19.92,17293
1663743696197001613,20.02,74028,20.04,40262,20.06,33485,19.99,22513,19.98,1927,19.92,17293
1663743696197001613,20.02,73323,20.04,40262,20.06,33485,19.99,22513,19.98,1927,19.92,17293
1663743696197001613,20.02,72148,20.04,40262,20.06,33485,19.99,22513,19.98,1927,19.92,17293
1663743696197001613,20.02,61148,20.04,40262,20.06,33485,19.99,22513,19.98,1927,19.92,17293
1663743696197001613,20.02,60683,20.04,40262,20.06,33485,19.99,22513,19.98,1927,19.92,17293
1663743696197551046,20.02,60447,20.04,40262,20.06,33485,19.99,22513,19.98,1927,19.92,17293
1663743696529477393,20.02,59447,20.04,40262,20.06,33485,19.99,22513,19.98,1927,19.92,17293
1663743696529634718,20.02,59442,20.04,40262,20.06,33485,19.99,22513,19.98,1927,19.92,17293
1663743696568428003,20.02,55166,20.04,40262,20.06,33485,19.99,22513,19.98,1927,19.92,17293
1663743696568428003,20.02,53666,20.04,40262,20.06,33485,19.99,22513,19.98,1927,19.92,17293
1663743696568428003,20.02,52817,20.04,40262,20.06,33485,19.99,22513,19.98,1927,19.92,17293
1663743696568428003,20.02,46663,20.04,40262,20.06,33485,19.99,22513,19.98,1927,19.92,17293
1663743696759373455,20.02,45663,20.04,40262,20.06,33485,19.99,22513,19.98,1927,19.92,17293
1663743697227860560,20.02,45213,20.04,40262,20.06,33485,19.99,22513,19.98,1927,19.92,17293
1663743697867921364,20.02,45188,20.04,40262,20.06,33485,19.99,22513,19.98,1927,19.92,17293
1663743698945275872,20.02,41389,20.04,40262,20.06,33485,19.99,22513,19.98,1927,19.92,17293
1663743698945320858,20.02,39104,20.04,40262,20.06,33485,19.99,22513,19.98,1927,19.92,17293
1663743698947246511,20.02,37604,20.04,40262,20.06,33485,19.99,22513,19.98,1927,19.92,17293
1663743698952148408,20.02,37126,20.04,40262,20.06,33485,19.99,22513,19.98,1927,19.92,17293
1663743699132795364,20.02,35626,20.04,40262,20.06,33485,19.99,22513,19.98,1927,19.92,17293
1663743700305018109,20.02,24891,20.04,40262,20.06,33485,19.99,22513,19.98,1927,19.92,17293
1663743700305194586,20.02,24794,20.04,40262,20.06,33485,19.99,22513,19.98,1927,19.92,17293
1663743700633565242,20.02,24792,20.04,40262,20.06,33485,19.99,22513,19.98,1927,19.92,17293
1663743700987348765,20.02,24672,20.04,40262,20.06,33485,19.99,22513,19.98,1927,19.92,17293
1663743700987348765,20.02,23172,20.04,40262,20.06,33485,19.99,22513,19.98,1927,19.92,17293
1663743700987348765,20.02,22171,20.04,40262,20.06,33485,19.99,22513,19.98,1927,19.92,17293
1663743700987348765,20.02,20865,20.04,40262,20.06,33485,19.99,22513,19.98,1927,19.92,17293
1663743701215726140,20.02,20675,20.04,40262,20.06,36373,19.99,22513,19.98,1927,19.92,17293
1663743701632434834,20.02,15444,20.04,40262,20.06,36373,19.99,22513,19.98,1927,19.92,17293
1663743703627106148,20.02,10444,20.04,40262,20.06,36373,19.99,22513,19.98,1927,19.92,17293
1663743703627313804,20.06,23220,20.08,58551,20.1,17720,19.99,22513,19.98,1927,19.92,17293
1663743703627313804,20.06,22253,20.08,58551,20.1,17720,19.99,22513,19.98,1927,19.92,17293
1663743703627313804,20.06,17384,20.08,58551,20.1,17720,19.99,22513,19.98,1927,19.92,17293
1663743703627313804,20.06,16383,20.08,58551,20.1,17720,19.99,22513,19.98,1927,19.92,17293
1663743703627313804,20.06,3383,20.08,58551,20.1,17720,19.99,22513,19.98,1927,19.92,17293
1663743703627313804,20.06,2548,20.08,58551,20.1,17720,19.99,22513,19.98,1927,19.92,17293
1663743704567950590,20.06,2537,20.08,67657,20.1,17720,19.99,22513,19.98,1927,19.92,17293
1663743705288312841,20.06,2276,20.08,67757,20.1,17720,19.99,22513,19.98,1927,19.92,17293
1663743706304772236,20.06,1632,20.08,88689,20.1,17720,19.99,22513,19.98,1927,19.92,17293
1663743706304772236,20.06,1332,20.08,88689,20.1,17720,19.99,22513,19.98,1927,19.92,17293
1663743708751857080,20.06,10143,20.08,88689,20.1,17694,20.04,22008,20.02,13263,20.0,14206
1663743708773596208,20.06,10143,20.08,88689,20.1,17694,20.04,21008,20.02,13263,20.0,14206
1663743708952661792,20.06,10143,20.08,88689,20.1,17694,20.04,17208,20.02,13263,20.0,14206
1663743709260240715,20.06,10143,20.08,88689,20.1,17694,20.04,17158,20.02,13263,20.0,14206
1663743709667911170,20.06,10143,20.08,88689,20.1,17694,20.04,17133,20.02,13263,20.0,14206
1663743710897564292,20.06,10143,20.08,88689,20.1,17694,20.04,17131,20.02,13263,20.0,18316
1663743711081612112,20.06,10143,20.08,88689,20.1,17694,20.04,16881,20.02,13263,20.0,18316
1663743711555503972,20.06,10143,20.08,88689,20.1,17694,20.04,16381,20.02,13263,20.0,18366
1663743712110399483,20.06,10143,20.08,88689,20.1,17694,20.04,16356,20.02,13263,20.0,18366
1663743712394999790,20.06,10143,20.08,88689,20.1,17694,20.04,13856,20.02,13263,20.0,18366
1663743713163060747,20.06,10143,20.08,88689,20.1,17694,20.04,13356,20.02,13263,20.0,24366
1663743714734994337,20.06,10143,20.08,88689,20.1,17694,20.04,12356,20.02,13263,20.0,24823
1663743715007347866,20.06,10143,20.08,88689,20.1,17694,20.04,12331,20.02,13263,20.0,24823
1663743715076702685,20.06,10143,20.08,88689,20.1,17694,20.04,12207,20.02,13263,20.0,24823
1663743715581941073,20.06,10143,20.08,88689,20.1,17694,20.02,1619,20.0,24823,19.99,68834
1663743715581941073,20.06,10143,20.08,88689,20.1,17694,20.0,24780,19.99,68834,19.98,20728
1663743715581941073,20.06,10143,20.08,88689,20.1,17694,20.0,23595,19.99,68834,19.98,20728
1663743715585487451,20.06,10143,20.08,88689,20.1,17694,20.0,24397,19.99,68834,19.98,20728
1663743715673022952,20.06,4040,20.08,88689,20.1,17694,20.0,24396,19.99,68834,19.98,20728
1663743715987273063,20.06,4040,20.08,88689,20.1,17694,20.0,24395,19.99,68834,19.98,20728
1663743716337398964,20.06,4040,20.08,88689,20.1,17694,20.0,24380,19.99,68834,19.98,20728
1663743717360203946,20.06,4040,20.08,88689,20.1,17694,20.0,23980,19.99,68834,19.98,20728
1663743717779016802,20.06,4040,20.08,88689,20.1,17694,20.0,22735,19.99,68834,19.98,20728
1663743717779016802,20.06,4040,20.08,88689,20.1,17694,20.0,21735,19.99,68834,19.98,20728
1663743717779016802,20.06,4040,20.08,88689,20.1,17694,20.0,13980,19.99,68834,19.98,20728
1663743718043155546,20.06,4040,20.08,88689,20.1,17694,20.0,13978,19.99,68834,19.98,20728
1663743718787870544,20.06,4040,20.08,88689,20.1,17694,20.0,11978,19.99,68834,19.98,20728
1663743719028975627,20.06,4040,20.08,88689,20.1,17694,20.0,11728,19.99,68834,19.98,20728
1663743719115598490,20.06,4040,20.08,88689,20.1,17694,20.0,11228,19.99,68834,19.98,20728
1663743719147008142,20.06,4040,20.08,88689,20.1,17694,20.0,11178,19.99,68834,19.98,20728
1663743719655407921,20.06,4040,20.08,88689,20.1,17694,20.0,10178,19.99,68834,19.98,20728
1663743719728086450,20.0,2322,20.06,4040,20.08,88689,19.99,68834,19.98,20728,19.97,12527
1663743720206968639,20.0,13750,20.02,7573,20.06,4040,19.99,68834,19.98,20728,19.97,12527
1663743720527546034,20.0,13750,20.02,7573,20.06,4040,19.99,68534,19.98,20728,19.97,12527
1663743720554404893,20.0,13750,20.02,9273,20.06,4040,19.99,66034,19.98,20728,19.97,12527
1663743720554451086,20.0,13750,20.02,9273,20.06,4040,19.99,63834,19.98,20728,19.97,12527
1663743723928253559,20.0,15128,20.02,17323,20.06,4040,19.99,71034,19.98,21628,19.97,13142
1663743725448625931,20.0,15328,20.02,17323,20.06,4040,19.99,71534,19.98,21628,19.97,13142
1663743726070926754,20.0,15327,20.02,17323,20.06,4040,19.99,71534,19.98,21628,19.97,13142
1663743726420585938,20.0,14827,20.02,17423,20.06,4040,19.99,71534,19.98,21628,19.97,13142
1663743727326854968,20.0,13328,20.02,17423,20.06,4040,19.99,71534,19.98,21628,19.97,13142
1663743727326854968,20.0,10828,20.02,17423,20.06,4040,19.99,71534,19.98,21628,19.97,13142
1663743727326854968,20.0,10395,20.02,17423,20.06,4040,19.99,71534,19.98,21628,19.97,13142
1663743728298540530,20.0,9995,20.02,18813,20.06,4040,19.99,71534,19.98,21628,19.97,13142
1663743728347162355,20.0,9495,20.02,18813,20.06,4040,19.99,71534,19.98,21628,19.97,13142
1663743729687346416,20.0,8995,20.02,179424,20.06,4040,19.99,71534,19.98,21628,19.97,13142
1663743729933466308,20.0,8795,20.02,179424,20.06,4040,19.99,71534,19.98,21628,19.97,13142
1663743730498927253,20.0,7795,20.02,179424,20.06,4040,19.99,71534,19.98,21628,19.97,13142
1663743730972819554,20.0,7295,20.02,179424,20.06,4040,19.99,71534,19.98,21628,19.97,13142
1663743731036587064,20.0,7245,20.02,179424,20.04,5000,19.99,71534,19.98,21628,19.97,13142
1663743731221800027,20.0,5180,20.02,179424,20.04,5000,19.99,71534,19.98,21628,19.97,13142
1663743731221800027,20.0,4745,20.02,179424,20.04,5000,19.99,71534,19.98,21628,19.97,13142
1663743731600716313,20.0,4245,20.02,179424,20.04,5000,19.99,71534,19.98,21628,19.97,13142
1663743731692850351,20.0,4244,20.02,179424,20.04,5000,19.99,71534,19.98,21628,19.97,13142
1663743735664587602,20.0,4044,20.02,179424,20.04,6307,19.99,71034,19.98,21628,19.97,13142
1663743736626052320,20.0,1744,20.02,179424,20.04,7407,19.99,71034,19.98,21628,19.97,13142
1663743736626052320,20.0,744,20.02,179424,20.04,7407,19.99,71034,19.98,21628,19.97,13142
1663743736626052320,20.02,176968,20.04,7407,20.06,4040,19.99,71034,19.98,21628,19.97,13142
1663743736732895420,20.02,176103,20.04,7407,20.06,4040,19.99,71034,19.98,21628,19.97,13142
1663743739308184239,20.02,175064,20.04,7619,20.06,4040,19.99,71034,19.98,21628,19.97,13142
1663743739308184239,20.02,175054,20.04,7619,20.06,4040,19.99,71034,19.98,21628,19.97,13142
1663743739308184239,20.02,175042,20.04,7619,20.06,4040,19.99,71034,19.98,21628,19.97,13142
1663743739308184239,20.02,175041,20.04,7619,20.06,4040,19.99,71034,19.98,21628,19.97,13142
1663743739308184239,20.02,174103,20.04,7619,20.06,4040,19.99,71034,19.98,21628,19.97,13142
1663743740239623444,20.02,173303,20.04,7719,20.06,4040,19.99,71034,19.98,21628,19.97,13142
1663743742821602101,20.02,173278,20.04,32535,20.06,4040,19.99,71034,19.98,21628,19.97,13142
1663743742821602101,20.02,169224,20.04,32535,20.06,4040,19.99,71034,19.98,21628,19.97,13142
1663743742821689033,20.02,167063,20.04,32535,20.06,4040,19.99,71034,19.98,21628,19.97,13142
1663743742821689033,20.02,164563,20.04,32535,20.06,4040,19.99,71034,19.98,21628,19.97,13142
1663743742821689033,20.02,162355,20.04,32535,20.06,4040,19.99,71034,19.98,21628,19.97,13142
1663743743108690443,20.02,161355,20.04,32535,20.06,4040,19.99,71034,19.98,21628,19.97,13142
1663743743108690443,20.02,159470,20.04,32535,20.06,4040,19.99,71034,19.98,21628,19.97,13142
1663743744382329674,20.02,159370,20.04,32535,20.06,7367,19.99,71034,19.98,21628,19.97,13142
1663743745411250330,20.02,159265,20.04,32535,20.06,7367,19.99,71034,19.98,21628,19.97,13142
1663743745784784491,20.02,158615,20.04,32535,20.06,59290,19.99,71034,19.98,21628,19.97,13142
1663743746156906955,20.02,158115,20.04,32535,20.06,59290,19.99,71034,19.98,21628,19.97,13142
1663743746670901048,20.02,157748,20.04,32535,20.06,59290,19.99,71034,19.98,21628,19.97,13142
1663743746984690108,20.02,157296,20.04,32535,20.06,59290,19.99,71034,19.98,21628,19.97,13142
1663743746984690108,20.02,154198,20.04,32535,20.06,59290,19.99,71034,19.98,21628,19.97,13142
1663743747058237715,20.02,153198,20.04,32535,20.06,59290,19.99,71034,19.98,21628,19.97,13142
1663743747120196097,20.02,153196,20.04,32535,20.06,59290,19.99,71034,19.98,21628,19.97,13142
1663743749414915403,20.02,150100,20.04,32535,20.06,59290,19.99,71034,19.98,21628,19.97,13142
1663743749414915403,20.02,148131,20.04,32535,20.06,59290,19.99,71034,19.98,21628,19.97,13142
1663743749414915403,20.02,143196,20.04,32535,20.06,59290,19.99,71034,19.98,21628,19.97,13142
1663743749658504840,20.02,143146,20.04,32535,20.06,59290,19.99,71034,19.98,21628,19.97,13142
1663743749658504840,20.02,142764,20.04,32535,20.06,59290,19.99,71034,19.98,21628,19.97,13142
1663743750526248831,20.02,142146,20.04,32535,20.06,59290,19.99,71034,19.98,21628,19.97,13142
1663743750526248831,20.02,141746,20.04,32535,20.06,59290,19.99,71034,19.98,21628,19.97,13142
1663743750526248831,20.02,140073,20.04,32535,20.06,59290,19.99,71034,19.98,21628,19.97,13142
1663743750526248831,20.02,136975,20.04,32535,20.06,59290,19.99,71034,19.98,21628,19.97,13142
1663743750526248831,20.02,136475,20.04,32535,20.06,59290,19.99,71034,19.98,21628,19.97,13142
1663743750526248831,20.02,135871,20.04,32535,20.06,59290,19.99,71034,19.98,21628,19.97,13142
1663743750607863437,20.02,134149,20.04,32535,20.06,59290,19.99,71034,19.98,21628,19.97,13142
1663743753076168764,20.02,132899,20.04,32535,20.06,59540,19.99,71034,19.98,21628,19.97,13142
1663743753427043549,20.02,132850,20.04,32535,20.06,59540,19.99,71034,19.98,21628,19.97,13142
1663743753836683198,20.02,127850,20.04,32535,20.06,59540,19.99,71034,19.98,21628,19.97,13142
1663743753836683198,20.02,125469,20.04,32535,20.06,59540,19.99,71034,19.98,21628,19.97,13142
1663743754507658181,20.02,125466,20.04,32535,20.06,61659,19.99,71034,19.98,21628,19.97,13142
1663743754507658181,20.02,123560,20.04,32535,20.06,61659,19.99,71034,19.98,21628,19.97,13142
1663743754731329425,20.02,123510,20.04,32535,20.06,61659,19.99,71034,19.98,21628,19.97,13142
1663743754922995801,20.02,123507,20.04,32535,20.06,61659,19.99,71034,19.98,21628,19.97,13142
1663743754944826142,20.02,122559,20.04,32535,20.06,61659,19.99,71034,19.98,21628,19.97,13142
1663743754944826142,20.02,119459,20.04,32535,20.06,61659,19.99,71034,19.98,21628,19.97,13142
1663743754944826142,20.02,119316,20.04,32535,20.06,61659,19.99,71034,19.98,21628,19.97,13142
1663743754944826142,20.02,119216,20.04,32535,20.06,61659,19.99,71034,19.98,21628,19.97,13142
1663743754944826142,20.02,118216,20.04,32535,20.06,61659,19.99,71034,19.98,21628,19.97,13142
1663743754944826142,20.02,118116,20.04,32535,20.06,61659,19.99,71034,19.98,21628,19.97,13142
1663743754944826142,20.02,113480,20.04,32535,20.06,61659,19.99,71034,19.98,21628,19.97,13142
1663743754944826142,20.02,109507,20.04,32535,20.06,61659,19.99,71034,19.98,21628,19.97,13142
1663743755383750748,20.02,109007,20.04,32535,20.06,62317,19.99,71034,19.98,21628,19.97,13142
1663743756434550932,20.02,108382,20.04,32535,20.06,62472,19.99,71034,19.98,21628,19.97,13142
1663743756434550932,20.02,108082,20.04,32535,20.06,62472,19.99,71034,19.98,21628,19.97,13142
1663743756434550932,20.02,107081,20.04,32535,20.06,62472,19.99,71034,19.98,21628,19.97,13142
1663743756434550932,20.02,105081,20.04,32535,20.06,62472,19.99,71034,19.98,21628,19.97,13142
1663743756434550932,20.02,104081,20.04,32535,20.06,62472,19.99,71034,19.98,21628,19.97,13142
1663743756434550932,20.02,104055,20.04,32535,20.06,62472,19.99,71034,19.98,21628,19.97,13142
1663743756434550932,20.02,104043,20.04,32535,20.06,62472,19.99,71034,19.98,21628,19.97,13142
1663743756434550932,20.02,103793,20.04,32535,20.06,62472,19.99,71034,19.98,21628,19.97,13142
1663743756434550932,20.02,102793,20.04,32535,20.06,62472,19.99,71034,19.98,21628,19.97,13142
1663743756434550932,20.02,94856,20.04,32535,20.06,62472,19.99,71034,19.98,21628,19.97,13142
1663743756434550932,20.02,94456,20.04,32535,20.06,62472,19.99,71034,19.98,21628,19.97,13142
1663743756434550932,20.02,92248,20.04,32535,20.06,62472,19.99,71034,19.98,21628,19.97,13142
1663743756434550932,20.02,91998,20.04,32535,20.06,62472,19.99,71034,19.98,21628,19.97,13142
1663743756436808539,20.02,90698,20.04,32535,20.06,62472,19.99,71034,19.98,21628,19.97,13142
1663743758530666389,20.02,86071,20.04,32535,20.06,65531,19.99,71034,19.98,21628,19.97,13142
1663743759354839082,20.02,84071,20.04,32537,20.06,65533,19.99,71034,19.98,21628,19.97,13142
1663743759355035265,20.02,83573,20.04,32537,20.06,65533,19.99,71034,19.98,21628,19.97,13142
1663743760764122811,20.02,33573,20.04,32537,20.06,66035,19.99,71034,19.98,21628,19.97,13142
1663743760764122811,20.02,31390,20.04,32537,20.06,66035,19.99,71034,19.98,21628,19.97,13142
1663743760764660015,20.02,15013,20.04,32537,20.06,66035,19.99,71034,19.98,21628,19.97,13142
1663743760764660015,20.02,14041,20.04,32537,20.06,66035,19.99,71034,19.98,21628,19.97,13142
1663743760764660015,20.02,13804,20.04,32537,20.06,66035,19.99,71034,19.98,21628,19.97,13142
1663743760764660015,20.02,3804,20.04,32537,20.06,66035,19.99,71034,19.98,21628,19.97,13142
1663743760764660015,20.02,2803,20.04,32537,20.06,66035,19.99,71034,19.98,21628,19.97,13142
1663743760764660015,20.02,2778,20.04,32537,20.06,66035,19.99,71034,19.98,21628,19.97,13142
1663743760764660015,20.04,32537,20.06,66035,20.08,99888,20.02,2222,19.99,71034,19.98,21628
1663743760784256751,20.04,32537,20.06,62857,20.08,99888,20.02,22198,19.99,71034,19.98,21628
1663743760893538941,20.04,32537,20.06,62857,20.08,99888,20.02,20198,19.99,71034,19.98,21628
1663743761385688492,20.04,32537,20.06,62857,20.08,99888,20.02,19898,19.99,71034,19.98,21628
1663743761420303277,20.04,32537,20.06,62857,20.08,99888,20.02,18298,20.0,55473,19.99,83248
1663743761751057099,20.04,32537,20.06,62857,20.08,99888,20.02,18295,20.0,55473,19.99,83248
1663743762668317128,20.04,32537,20.06,62857,20.08,99888,20.02,17294,20.0,55473,19.99,83248
1663743762735768805,20.04,32537,20.06,62857,20.08,99888,20.02,17244,20.0,55473,19.99,83248
1663743762913216337,20.04,32537,20.06,62857,20.08,99888,20.02,14021,20.0,55473,19.99,83248
1663743762913216337,20.04,32537,20.06,62857,20.08,99888,20.02,13201,20.0,55473,19.99,83248
1663743762913216337,20.04,32537,20.06,62857,20.08,99888,20.02,9244,20.0,55473,19.99,83248
1663743763116449534,20.04,32537,20.06,62857,20.08,99888,20.02,9242,20.0,55473,19.99,83248
1663743763226645275,20.04,32537,20.06,62857,20.08,99888,20.02,9177,20.0,55473,19.99,83248
1663743763776483097,20.04,32537,20.06,62857,20.08,99888,20.02,5950,20.0,55473,19.99,83248
1663743763776483097,20.04,32537,20.06,62857,20.08,99888,20.02,5090,20.0,55473,19.99,83248
1663743763776483097,20.04,32537,20.06,62857,20.08,99888,20.0,44650,19.99,83248,19.98,50938
1663743763835075917,20.04,32537,20.06,62857,20.08,99888,20.0,44150,19.99,83248,19.98,50938
1663743765489645763,20.04,32537,20.06,62857,20.08,99888,20.0,41650,19.99,83248,19.98,55215
1663743765867188748,20.04,32537,20.06,62857,20.08,99888,20.0,40400,19.99,83248,19.98,55215
1663743766041024810,20.04,32537,20.06,62857,20.08,99888,20.0,40385,19.99,83248,19.98,55215
1663743766365104830,20.04,32537,20.06,62857,20.08,99888,20.0,36108,19.99,83248,19.98,55215
1663743767232092419,20.04,32537,20.06,62857,20.08,99888,20.0,36105,19.99,83248,19.98,55215
1663743768779381252,20.04,32537,20.06,62857,20.08,99888,20.0,36095,19.99,83248,19.98,55215
1663743769331850952,20.04,32537,20.06,62857,20.08,99888,20.0,35595,19.99,83248,19.98,55215
1663743769399348901,20.04,32537,20.06,62857,20.08,99888,20.0,35580,19.99,83248,19.98,55215
1663743770467328082,20.04,32537,20.06,62857,20.08,99888,20.0,35280,19.99,83248,19.98,55215
1663743770644822297,20.04,32537,20.06,62857,20.08,99888,20.0,35080,19.99,83248,19.98,55215
1663743771126492237,20.04,32537,20.06,62857,20.08,99888,20.0,32633,19.99,83248,19.98,55215
1663743771530663248,20.04,32537,20.06,62857,20.08,99888,20.0,27633,19.99,83248,19.98,55215
1663743772328048474,20.04,32537,20.06,62857,20.08,99888,20.0,27630,19.99,83248,19.98,55215
1663743772520286427,20.04,32537,20.06,62857,20.08,99888,20.0,22875,19.99,83248,19.98,59492
1663743773052316031,20.04,32537,20.06,62857,20.08,99888,20.0,22023,19.99,83248,19.98,60344
1663743773052316031,20.04,32537,20.06,62857,20.08,99888,20.0,17746,19.99,83248,19.98,60344
1663743773052316031,20.04,32537,20.06,62857,20.08,99888,20.0,16246,19.99,83248,19.98,60344
1663743773052316031,20.04,32537,20.06,62857,20.08,99888,20.0,10897,19.99,83248,19.98,60344
1663743773052316031,20.04,32537,20.06,62857,20.08,99888,19.99,79145,19.98,60344,19.97,25823
1663743773052316031,20.04,32537,20.06,62857,20.08,99888,19.99,79085,19.98,60344,19.97,25823
1663743773053098746,20.04,32537,20.06,62857,20.08,99888,20.0,3676,19.99,79085,19.98,60344
1663743774118469603,20.04,32537,20.06,62857,20.08,99888,20.0,3675,19.99,84085,19.98,60344
1663743774402823936,20.04,32537,20.06,62857,20.08,99888,20.0,3375,19.99,84085,19.98,60344
1663743774492283517,20.04,32537,20.06,62857,20.08,99888,20.0,3374,19.99,84085,19.98,60344
1663743774499982429,20.04,32537,20.06,62857,20.08,99888,20.0,1205,19.99,84085,19.98,60344
1663743774635162406,20.04,32537,20.06,62857,20.08,99888,20.0,749,19.99,84085,19.98,60344
1663743774635162406,20.0,795,20.04,32537,20.06,62857,19.99,84085,19.98,60344,19.97,25823
1663743776490116534,20.0,19945,20.02,2,20.04,32537,19.99,84085,19.98,60344,19.97,25823
1663743777349488419,20.0,19044,20.02,3,20.04,32537,19.99,84085,19.98,60344,19.97,25823
1663743778592484352,20.0,18044,20.02,1009,20.04,32537,19.99,84085,19.98,60344,19.97,25823
1663743778927788792,20.0,17744,20.02,1010,20.04,32537,19.99,84085,19.98,60344,19.97,25823
1663743779728728246,20.0,15244,20.02,1011,20.04,32537,19.99,84085,19.98,60344,19.97,25823
1663743779729064559,20.02,1011,20.04,32537,20.06,62857,20.0,7958,19.99,84085,19.98,60344
1663743780064509071,20.02,1012,20.04,32537,20.06,62857,20.0,7958,19.99,86585,19.98,60344
1663743780371763670,20.02,1012,20.04,32537,20.06,62857,20.0,7957,19.99,86585,19.98,60344
1663743780887753379,20.02,1012,20.04,32537,20.06,62857,20.0,7956,19.99,86585,19.98,60344
1663743781731375517,20.02,1012,20.04,32537,20.06,62857,20.0,7946,19.99,86585,19.98,60344
1663743781745953219,20.02,1012,20.04,32537,20.06,62857,20.0,7945,19.99,86585,19.98,60344
1663743782471199809,20.02,1012,20.04,32537,20.06,62857,20.0,2945,19.99,90919,19.98,60344
1663743782750137064,20.02,1012,20.04,32537,20.06,62857,20.0,2944,19.99,90919,19.98,60344
1663743783174821268,20.02,1012,20.04,32537,20.06,62857,20.0,2943,19.99,90919,19.98,65844
1663743783360821473,20.02,1012,20.04,32537,20.06,62857,19.99,88863,19.98,65844,19.97,25823
1663743786749564442,20.0,40387,20.02,1013,20.04,32537,19.99,91363,19.98,74244,19.97,25823
1663743788157294618,20.0,40362,20.02,1116,20.04,32537,19.99,91363,19.98,74244,19.97,25823
1663743789358204326,20.0,40062,20.02,1218,20.04,32537,19.99,91363,19.98,74244,19.97,25823
1663743790950676247,20.0,39562,20.02,2221,20.04,32537,19.99,91363,19.98,74244,19.97,25823
1663743791079742976,20.0,39062,20.02,2221,20.04,32537,19.99,91363,19.98,74244,19.97,25823
1663743791884753241,20.0,35562,20.02,2872,20.04,32537,19.99,91363,19.98,74244,19.97,25823
1663743792715179434,20.0,35242,20.02,2874,20.04,32537,19.99,91363,19.98,74244,19.97,25823
1663743794413448800,20.0,34742,20.02,2940,20.04,32537,19.99,91363,19.98,74244,19.97,25823
1663743795020312370,20.0,32242,20.02,3091,20.04,32537,19.99,91363,19.98,74244,19.97,25823
1663743795020637078,20.0,18465,20.02,3091,20.04,32537,19.99,91363,19.98,74244,19.97,25823
1663743795021124880,20.0,11271,20.02,3091,20.04,32537,19.99,91363,19.98,74244,19.97,25823
1663743795021124880,20.0,11071,20.02,3091,20.04,32537,19.99,91363,19.98,74244,19.97,25823
1663743795021124880,20.0,11066,20.02,3091,20.04,32537,19.99,91363,19.98,74244,19.97,25823
1663743795021124880,20.0,6466,20.02,3091,20.04,32537,19.99,91363,19.98,74244,19.97,25823
1663743795021124880,20.0,6316,20.02,3091,20.04,32537,19.99,91363,19.98,74244,19.97,25823
1663743795021124880,20.0,6307,20.02,3091,20.04,32537,19.99,91363,19.98,74244,19.97,25823
1663743795021124880,20.0,5307,20.02,3091,20.04,32537,19.99,91363,19.98,74244,19.97,25823
1663743795021124880,20.0,307,20.02,3091,20.04,32537,19.99,91363,19.98,74244,19.97,25823
1663743799641450765,20.0,372,20.02,3091,20.04,32537,19.99,125478,19.98,77459,19.97,85348
1663743799739641347,20.0,372,20.02,3091,20.04,32537,19.99,125477,19.98,77459,19.97,85348
1663743800303680691,20.0,372,20.02,3091,20.04,32537,19.99,125476,19.98,77459,19.97,85348
1663743800610174191,20.0,372,20.02,3091,20.04,32537,19.99,125466,19.98,77459,19.97,85348
1663743800610174191,20.0,372,20.02,3091,20.04,32537,19.99,125451,19.98,77459,19.97,85348
1663743800709454676,20.0,372,20.02,3091,20.04,32537,19.99,125450,19.98,77459,19.97,85348
1663743801152206828,20.0,372,20.02,3091,20.04,32537,19.99,125449,19.98,77459,19.97,85350
1663743801598903568,20.0,372,20.02,3091,20.04,32537,19.99,125448,19.98,77459,19.97,85350
1663743801678484962,20.0,372,20.02,3091,20.04,32537,19.99,124068,19.98,77459,19.97,85350
1663743801678484962,20.0,372,20.02,3091,20.04,32537,19.99,123086,19.98,77459,19.97,85350
1663743801678484962,20.0,372,20.02,3091,20.04,32537,19.99,121448,19.98,77459,19.97,85350
1663743802132295233,20.0,372,20.02,3091,20.04,32537,19.99,121447,19.98,77459,19.97,85350
1663743802555745498,20.0,372,20.02,3091,20.04,32537,19.99,121446,19.98,77459,19.97,85350
1663743803021220810,20.0,372,20.02,3091,20.04,32537,19.99,121445,19.98,77459,19.97,85350
1663743803110758264,20.0,372,20.02,3091,20.04,32537,19.99,121435,19.98,77459,19.97,85350
1663743803161891991,20.0,372,20.02,3091,20.04,32537,19.99,121410,19.98,77459,19.97,85350
1663743803588723666,20.0,372,20.02,3091,20.04,32537,19.99,121409,19.98,77459,19.97,85350
1663743804031644111,20.0,372,20.02,3091,20.04,32537,19.99,121408,19.98,77459,19.97,85350
1663743804427703308,20.0,372,20.02,3091,20.04,32537,19.99,121407,19.98,77459,19.97,85350
1663743804857803861,20.0,372,20.02,3091,20.04,32537,19.99,121406,19.98,77459,19.97,85350
1663743805939016277,20.0,372,20.02,3091,20.04,32537,19.99,121405,19.98,77459,19.97,85350
1663743806346569299,20.0,372,20.02,3091,20.04,32537,19.99,111405,19.98,77459,19.97,85350
1663743806427005307,20.0,372,20.02,3091,20.04,32537,19.99,111404,19.98,77459,19.97,85350
1663743806874800158,20.0,372,20.02,3091,20.04,32537,19.99,111403,19.98,77459,19.97,85350
1663743807274087637,20.0,372,20.02,3091,20.04,32537,19.99,111402,19.98,77459,19.97,85350
1663743807668494940,20.0,372,20.02,3091,20.04,32537,19.99,111401,19.98,77459,19.97,85350
1663743807953077716,20.0,372,20.02,3091,20.04,32537,19.99,111201,19.98,77459,19.97,85350
1663743808021317678,20.0,372,20.02,3091,20.04,32537,19.99,111200,19.98,77459,19.97,85350
1663743809380384030,20.0,372,20.02,3091,20.04,32537,19.99,111199,19.98,77459,19.97,85350
1663743809391884424,20.0,372,20.02,3091,20.04,32537,19.99,111150,19.98,77459,19.97,85350
1663743809924122135,20.0,372,20.02,3091,20.04,32537,19.99,111149,19.98,77459,19.97,85350
1663743811640781932,20.0,372,20.02,3091,20.04,32537,19.99,111049,19.98,77459,19.97,85350
1663743812248419100,20.0,372,20.02,3091,20.04,32537,19.99,108849,19.98,77459,19.97,85350
1663743812248419100,20.0,372,20.02,3091,20.04,32537,19.99,101049,19.98,77459,19.97,85350
1663743812508252427,20.0,372,20.02,3091,20.04,32537,19.99,97749,19.98,77459,19.97,85350
1663743812593336068,20.0,372,20.02,3091,20.04,32537,19.99,97744,19.98,77459,19.97,85350
1663743813198343220,20.0,372,20.02,3091,20.04,32537,19.99,97743,19.98,77459,19.97,85350
1663743813763110211,20.0,372,20.02,3091,20.04,32537,19.99,97739,19.98,77459,19.97,85350
1663743813847350702,20.0,372,20.02,3091,20.04,32537,19.99,96379,19.98,77459,19.97,85350
1663743813928051275,20.0,372,20.02,3091,20.04,32537,19.99,96259,19.98,77459,19.97,85350
1663743815489083458,20.0,372,20.02,3091,20.04,32537,19.99,96209,19.98,77459,19.97,85350
1663743815889022448,20.0,372,20.02,3091,20.04,32537,19.99,95209,19.98,77459,19.97,85350
1663743816813463569,20.0,372,20.02,3091,20.04,32537,19.99,94209,19.98,77459,19.97,85350
1663743817014328231,20.0,372,20.02,3091,20.04,32537,19.99,94184,19.98,77459,19.97,85350
1663743817098499806,20.0,372,20.02,3091,20.04,32537,19.99,93958,19.98,77459,19.97,85350
1663743817098499806,20.0,372,20.02,3091,20.04,32537,19.99,93862,19.98,77459,19.97,85350
1663743817362932301,20.0,372,20.02,3091,20.04,32537,19.99,81653,19.98,77459,19.97,85350
1663743817362932301,20.0,372,20.02,3091,20.04,32537,19.99,79152,19.98,77459,19.97,85350
1663743817362932301,20.0,372,20.02,3091,20.04,32537,19.99,78330,19.98,77459,19.97,85350
1663743817700638530,20.0,372,20.02,3091,20.04,32537,19.99,75829,19.98,77459,19.97,85350
1663743817759177636,20.0,372,20.02,3091,20.04,32537,19.99,75819,19.98,77459,19.97,85350
1663743817811042335,20.0,372,20.02,3091,20.04,32537,19.99,75818,19.98,77459,19.97,85350
1663743818181202488,20.0,372,20.02,3091,20.04,32537,19.99,75817,19.98,77459,19.97,85350
1663743818682454020,20.0,372,20.02,3091,20.04,32537,19.99,75317,19.98,77459,19.97,85350
1663743818767062061,20.0,372,20.02,3091,20.04,32537,19.99,75316,19.98,77459,19.97,85350
1663743819067260658,20.0,372,20.02,3091,20.04,32537,19.99,74299,19.98,77459,19.97,85350
1663743819332165517,20.0,372,20.02,3091,20.04,32537,19.99,74298,19.98,77459,19.97,85350
1663743819566280429,20.0,372,20.02,3091,20.04,32537,19.99,71798,19.98,77459,19.97,85350
1663743819566280429,20.0,372,20.02,3091,20.04,32537,19.99,71414,19.98,77459,19.97,85350
1663743819566853376,20.0,372,20.02,3091,20.04,32537,19.99,68914,19.98,77459,19.97,85350
1663743820535865414,20.0,372,20.02,3091,20.04,32537,19.99,68814,19.98,77459,19.97,85350
1663743820571342231,20.0,372,20.02,3091,20.04,32537,19.99,68614,19.98,77459,19.97,85350
1663743822040710831,20.0,372,20.02,3091,20.04,32537,19.99,67943,19.98,77459,19.97,85350
1663743822040710831,20.0,372,20.02,3091,20.04,32537,19.99,67650,19.98,77459,19.97,85350
1663743822040710831,20.0,372,20.02,3091,20.04,32537,19.99,67614,19.98,77459,19.97,85350
1663743822064666765,20.0,372,20.02,3091,20.04,32537,19.99,63337,19.98,77459,19.97,85350
1663743822064666765,20.0,372,20.02,3091,20.04,32537,19.99,62422,19.98,77459,19.97,85350
1663743822092213363,20.0,372,20.02,3091,20.04,32537,19.99,62322,19.98,77459,19.97,85350
1663743822263856494,20.0,372,20.02,3091,20.04,32537,19.99,62321,19.98,77459,19.97,85350
1663743822336071972,20.0,372,20.02,3091,20.04,32537,19.99,62021,19.98,77459,19.97,85350
1663743822815064539,20.0,372,20.02,3091,20.04,32537,19.99,61996,19.98,77459,19.97,85350
1663743822882789285,20.0,372,20.02,3091,20.04,32537,19.99,61995,19.98,77459,19.97,85350
1663743823049532942,20.0,372,20.02,3091,20.04,32537,19.99,61106,19.98,77459,19.97,85350
1663743823049532942,20.0,372,20.02,3091,20.04,32537,19.99,60228,19.98,77459,19.97,85350
1663743823049532942,20.0,372,20.02,3091,20.04,32537,19.99,57727,19.98,77459,19.97,85350
1663743823393657258,20.0,372,20.02,3091,20.04,32537,19.99,57726,19.98,77459,19.97,85350
1663743823667580001,20.0,372,20.02,3091,20.04,32537,19.99,57347,19.98,77459,19.97,85350
1663743823667580001,20.0,372,20.02,3091,20.04,32537,19.99,56812,19.98,77459,19.97,85350
1663743823667580001,20.0,372,20.02,3091,20.04,32537,19.99,56726,19.98,77459,19.97,85350
1663743823834183894,20.0,372,20.02,3091,20.04,32537,19.99,56721,19.98,77459,19.97,85350
1663743823858762727,20.0,372,20.02,3091,20.04,32537,19.99,56720,19.98,77459,19.97,85350
1663743824131849301,20.0,372,20.02,3091,20.04,32537,19.99,56620,19.98,77459,19.97,85350
1663743824141005334,20.0,372,20.02,3091,20.04,32537,19.99,56370,19.98,77459,19.97,85350
1663743824233037507,20.0,372,20.02,3091,20.04,32537,19.99,56369,19.98,77459,19.97,85350
1663743824707945521,20.0,372,20.02,3091,20.04,32537,19.99,56368,19.98,77459,19.97,85350
1663743825110365783,20.0,372,20.02,3091,20.04,32537,19.99,56057,19.98,77459,19.97,85350
1663743825242609101,20.0,372,20.02,3091,20.04,32537,19.99,56056,19.98,77459,19.97,85350
1663743825316612532,20.0,372,20.02,3091,20.04,32537,19.99,54686,19.98,77459,19.97,85350
1663743825706254296,20.0,372,20.02,3091,20.04,32537,19.99,53998,19.98,77459,19.97,85350
1663743825706254296,20.0,372,20.02,3091,20.04,32537,19.99,53694,19.98,77459,19.97,85350
1663743825706254296,20.0,372,20.02,3091,20.04,32537,19.99,53686,19.98,77459,19.97,85350
1663743825896450170,20.0,372,20.02,3091,20.04,32537,19.99,53685,19.98,77459,19.97,85350
1663743826334924886,20.0,372,20.02,3091,20.04,32537,19.99,53414,19.98,77459,19.97,85350
1663743826334924886,20.0,372,20.02,3091,20.04,32537,19.99,51685,19.98,77459,19.97,85350
1663743826335072094,20.0,372,20.02,3091,20.04,32537,19.99,49123,19.98,77459,19.97,85350
1663743826335072094,20.0,372,20.02,3091,20.04,32537,19.99,44123,19.98,77459,19.97,85350
1663743826335072094,20.0,372,20.02,3091,20.04,32537,19.99,43263,19.98,77459,19.97,85350
1663743826390360358,20.0,372,20.02,3091,20.04,32537,19.99,43262,19.98,77459,19.97,85350
1663743826845752478,20.0,372,20.02,3091,20.04,32537,19.99,43261,19.98,77459,19.97,85350
1663743827418018240,20.0,372,20.02,3091,20.04,32537,19.99,43256,19.98,77459,19.97,85350
1663743827556505800,20.0,372,20.02,3091,20.04,32537,19.99,43246,19.98,77459,19.97,85350
1663743827642268698,20.0,372,20.02,3091,20.04,32537,19.99,39246,19.98,77459,19.97,85350
1663743827642406460,20.0,372,20.02,3091,20.04,32537,19.99,32648,19.98,77459,19.97,85350
1663743827701555459,20.0,372,20.02,3091,20.04,32537,19.99,32647,19.98,77459,19.97,85350
1663743827721375582,20.0,372,20.02,3091,20.04,32537,19.99,31647,19.98,77459,19.97,85350
1663743828187981068,20.0,372,20.02,3091,20.04,32537,19.99,30647,19.98,77459,19.97,85350
1663743828203389516,20.0,372,20.02,3091,20.04,32537,19.99,30153,19.98,77459,19.97,85350
1663743828204198587,20.0,372,20.02,3091,20.04,32537,19.99,28521,19.98,77459,19.97,85350
1663743828333846894,20.0,372,20.02,3091,20.04,32537,19.99,28520,19.98,77459,19.97,85350
1663743828781474249,20.0,372,20.02,3091,20.04,32537,19.99,28519,19.98,77459,19.97,85350
1663743829254509446,20.0,372,20.02,3091,20.04,32537,19.99,28518,19.98,77459,19.97,85350
1663743829477822448,20.0,372,20.02,3091,20.04,32537,19.99,28418,19.98,77459,19.97,85350
1663743829658561444,20.0,372,20.02,3091,20.04,32537,19.99,18653,19.98,77459,19.97,85350
1663743829658695630,20.0,372,20.02,3091,20.04,32537,19.99,3859,19.98,77459,19.97,85350
1663743829658695630,20.0,372,20.02,3091,20.04,32537,19.99,1358,19.98,77459,19.97,85350
1663743829658695630,20.0,372,20.02,3091,20.04,32537,19.99,1258,19.98,77459,19.97,85350
1663743829658695630,20.0,372,20.02,3091,20.04,32537,19.98,68717,19.97,85350,19.96,64505
1663743829658695630,20.0,372,20.02,3091,20.04,32537,19.98,68622,19.97,85350,19.96,64505
1663743829659301498,20.0,372,20.02,3091,20.04,32537,19.98,67870,19.97,85350,19.96,64505
1663743829659301498,20.0,372,20.02,3091,20.04,32537,19.98,67270,19.97,85350,19.96,64505
1663743829659301498,20.0,372,20.02,3091,20.04,32537,19.98,66970,19.97,85350,19.96,64505
1663743829784006135,20.0,372,20.02,3091,20.04,32537,19.98,66969,19.97,85350,19.96,64505
1663743830444130888,20.0,372,20.02,3091,20.04,32537,19.98,66968,19.97,85350,19.96,64505
1663743830811630160,20.0,372,20.02,3091,20.04,32537,19.98,66967,19.97,85350,19.96,64505
1663743831352079249,20.0,372,20.02,3091,20.04,32537,19.98,66966,19.97,85350,19.96,64505
1663743831974131933,20.0,372,20.02,3091,20.04,32537,19.98,66965,19.97,85350,19.96,64505
1663743832125412893,20.0,372,20.02,3091,20.04,32537,19.98,66964,19.97,85350,19.96,64505
1663743832407564954,20.0,372,20.02,3091,20.04,32537,19.98,42366,19.97,85350,19.96,64505
1663743832407564954,20.0,372,20.02,3091,20.04,32537,19.98,42166,19.97,85350,19.96,64505
1663743832407564954,20.0,372,20.02,3091,20.04,32537,19.98,42146,19.97,85350,19.96,64505
1663743832407564954,20.0,372,20.02,3091,20.04,32537,19.98,41611,19.97,85350,19.96,64505
1663743832407564954,20.0,372,20.02,3091,20.04,32537,19.98,39110,19.97,85350,19.96,64505
1663743832407951815,20.0,372,20.02,3091,20.04,32537,19.98,38810,19.97,85350,19.96,64505
1663743832407951815,20.0,372,20.02,3091,20.04,32537,19.98,38800,19.97,85350,19.96,64505
1663743832407951815,20.0,372,20.02,3091,20.04,32537,19.98,37932,19.97,85350,19.96,64505
1663743832407951815,20.0,372,20.02,3091,20.04,32537,19.98,37922,19.97,85350,19.96,64505
1663743832407951815,20.0,372,20.02,3091,20.04,32537,19.98,35421,19.97,85350,19.96,64505
1663743832414415941,20.0,372,20.02,3091,20.04,32537,19.98,32956,19.97,85350,19.96,64505
1663743832414415941,20.0,372,20.02,3091,20.04,32537,19.98,32456,19.97,85350,19.96,64505
1663743832414415941,20.0,372,20.02,3091,20.04,32537,19.98,32256,19.97,85350,19.96,64505
1663743832414415941,20.0,372,20.02,3091,20.04,32537,19.98,32246,19.97,85350,19.96,64505
1663743832414415941,20.0,372,20.02,3091,20.04,32537,19.98,27969,19.97,85350,19.96,64505
1663743832417009631,20.0,372,20.02,3091,20.04,32537,19.98,24516,19.97,85350,19.96,64505
1663743832431690083,20.0,372,20.02,3091,20.04,32537,19.98,24515,19.97,85350,19.96,64505
1663743833024099682,20.0,372,20.02,3091,20.04,32537,19.98,24514,19.97,85350,19.96,64505
1663743833511306994,20.0,372,20.02,3091,20.04,32537,19.98,24513,19.97,85350,19.96,64505
1663743833669607717,20.0,372,20.02,3091,20.04,32537,19.98,20582,19.97,85350,19.96,64505
1663743833906044491,20.0,372,20.02,3091,20.04,32537,19.98,20581,19.97,85350,19.96,64505
1663743834286084074,20.0,372,20.02,3091,20.04,32537,19.98,20580,19.97,85350,19.96,64505
1663743834737950867,20.0,372,20.02,3091,20.04,32537,19.98,20579,19.97,85350,19.96,64505
1663743835098422757,20.0,372,20.02,3091,20.04,32537,19.98,20460,19.97,85350,19.96,64505
1663743835337488663,20.0,372,20.02,3091,20.04,32537,19.98,20459,19.97,85350,19.96,64505
1663743835807441203,20.0,372,20.02,3091,20.04,32537,19.98,20458,19.97,85350,19.96,64505
1663743836305861708,20.0,372,20.02,3091,20.04,32537,19.98,20457,19.97,85350,19.96,64505
1663743836775790929,20.0,372,20.02,3091,20.04,32537,19.98,20456,19.97,85350,19.96,64505
1663743837664314512,20.0,372,20.02,3091,20.04,32537,19.98,20455,19.97,85350,19.96,64605
1663743838350440361,20.0,372,20.02,3091,20.04,32537,19.98,20454,19.97,85350,19.96,64605
1663743838850771148,20.0,372,20.02,3091,20.04,32537,19.98,19454,19.97,85350,19.96,64605
1663743838877757809,20.0,372,20.02,3091,20.04,32537,19.98,19453,19.97,85350,19.96,64605
1663743839400149955,20.0,372,20.02,3091,20.04,32537,19.98,19452,19.97,85350,19.96,64605
1663743840023827731,20.0,372,20.02,3091,20.04,32537,19.98,19451,19.97,85350,19.96,64605
1663743840391813656,20.0,372,20.02,3091,20.04,32537,19.98,19450,19.97,85350,19.96,64605
1663743840921294273,20.0,372,20.02,3091,20.04,32537,19.98,19350,19.97,85350,19.96,64668
1663743840939468381,20.0,372,20.02,3091,20.04,32537,19.98,19349,19.97,85350,19.96,64668
1663743841039179779,20.0,372,20.02,3091,20.04,32537,19.98,19347,19.97,85350,19.96,64668
1663743841649847513,20.0,372,20.02,3091,20.04,32537,19.98,19346,19.97,85350,19.96,64678
1663743842118786600,20.0,372,20.02,3091,20.04,32537,19.98,19345,19.97,85350,19.96,64678
1663743842548762457,20.0,372,20.02,3091,20.04,32537,19.98,19344,19.97,85350,19.96,64678
1663743843067800297,20.0,372,20.02,3091,20.04,32537,19.98,19343,19.97,85350,19.96,64678
1663743843294277839,20.0,372,20.02,3091,20.04,32537,19.98,19094,19.97,85350,19.96,64678
1663743843463714957,20.0,372,20.02,3091,20.04,32537,19.98,19093,19.97,85350,19.96,64678
1663743844825583149,20.0,372,20.02,3091,20.04,32537,19.98,13678,19.97,85350,19.96,66617
1663743844825583149,20.0,372,20.02,3091,20.04,32537,19.98,13668,19.97,85350,19.96,66617
1663743844825583149,20.0,372,20.02,3091,20.04,32537,19.98,13658,19.97,85350,19.96,66617
1663743844825583149,20.0,372,20.02,3091,20.04,32537,19.98,13558,19.97,85350,19.96,66617
1663743844825583149,20.0,372,20.02,3091,20.04,32537,19.98,11558,19.97,85350,19.96,66617
1663743844825583149,20.0,372,20.02,3091,20.04,32537,19.98,11534,19.97,85350,19.96,66617
1663743844825583149,20.0,372,20.02,3091,20.04,32537,19.98,11334,19.97,85350,19.96,66617
1663743844826196564,20.0,372,20.02,3091,20.04,32537,19.98,4972,19.97,85350,19.96,66617
1663743844826196564,20.0,372,20.02,3091,20.04,32537,19.98,3472,19.97,85350,19.96,66617
1663743844826196564,20.0,372,20.02,3091,20.04,32537,19.98,2472,19.97,85350,19.96,66617
1663743844826196564,20.0,372,20.02,3091,20.04,32537,19.98,2451,19.97,85350,19.96,66617
1663743844826196564,20.0,372,20.02,3091,20.04,32537,19.98,2351,19.97,85350,19.96,66617
1663743844826196564,20.0,372,20.02,3091,20.04,32537,19.98,2341,19.97,85350,19.96,66617
1663743844826196564,20.0,372,20.02,3091,20.04,32537,19.98,1637,19.97,85350,19.96,66617
1663743844826196564,20.0,372,20.02,3091,20.04,32537,19.98,1137,19.97,85350,19.96,66617
1663743844827072615,20.0,372,20.02,3091,20.04,32537,19.98,690,19.97,85350,19.96,66617
1663743844829042792,20.0,372,20.02,3091,20.04,32537,19.98,6774,19.97,85350,19.96,66617
1663743844829042792,20.0,372,20.02,3091,20.04,32537,19.98,6554,19.97,85350,19.96,66617
1663743844829042792,20.0,372,20.02,3091,20.04,32537,19.98,6070,19.97,85350,19.96,66617
1663743846680822996,19.99,19610,20.0,23894,20.02,3091,19.98,8570,19.97,85350,19.96,66617
1663743847187209993,19.99,16773,20.0,23894,20.02,3091,19.98,8570,19.97,85350,19.96,66617
1663743847187209993,19.99,14272,20.0,23894,20.02,3091,19.98,8570,19.97,85350,19.96,66617
1663743847187209993,19.99,9845,20.0,23894,20.02,3091,19.98,8570,19.97,85350,19.96,66617
1663743847188038979,19.99,7470,20.0,23894,20.02,3091,19.98,8570,19.97,85350,19.96,66617
1663743847193107825,19.99,2272,20.0,23894,20.02,3091,19.98,6070,19.97,85350,19.96,64505
1663743847193107825,20.0,23665,20.02,3091,20.04,32537,19.98,6070,19.97,85350,19.96,64505
1663743848014134584,20.0,23665,20.02,3091,20.04,32537,19.99,101,19.98,8571,19.97,85350
1663743848095257886,20.0,23665,20.02,3091,20.04,32537,19.99,100,19.98,8571,19.97,85350
1663743849275254144,20.0,23665,20.02,3091,20.04,32537,19.98,8335,19.97,85661,19.96,64505
1663743849275254144,20.0,23665,20.02,3091,20.04,32537,19.98,8149,19.97,85661,19.96,64505
1663743849299229454,20.0,23665,20.02,3091,20.04,32537,19.98,6125,19.97,85661,19.96,64505
1663743849299505600,19.98,28875,20.0,23665,20.02,3091,19.97,85661,19.96,64505,19.95,42539
1663743854999519851,19.98,29640,20.0,23665,20.02,3091,19.97,112916,19.96,64505,19.95,42539
1663743855290076097,19.98,29640,20.0,23665,20.02,3091,19.97,114309,19.96,64505,19.95,42539
1663743855290076097,19.98,29640,20.0,23665,20.02,3091,19.97,112916,19.96,64505,19.95,42539
1663743857466403088,19.98,30640,20.0,23665,20.02,3091,19.97,115695,19.96,82873,19.95,46671
1663743858004776515,19.98,30640,20.0,23665,20.02,3091,19.97,115694,19.96,82873,19.95,46671
1663743858182990140,19.98,30640,20.0,23665,20.02,3091,19.97,113212,19.96,82873,19.95,46671
1663743858182990140,19.98,30640,20.0,23665,20.02,3091,19.97,108935,19.96,82873,19.95,46671
1663743858182990140,19.98,30640,20.0,23665,20.02,3091,19.97,106434,19.96,82873,19.95,46671
1663743858182990140,19.98,30640,20.0,23665,20.02,3091,19.97,105249,19.96,82873,19.95,46671
1663743858183134675,19.98,34503,20.0,23665,20.02,3091,19.97,105249,19.96,82873,19.95,46671
1663743858183191838,19.98,19103,20.0,23665,20.02,3091,19.97,105249,19.96,82873,19.95,46671
1663743858185480394,19.98,17703,20.0,23665,20.02,3091,19.97,105249,19.96,82873,19.95,46671
1663743858185817932,19.98,16602,20.0,23665,20.02,3091,19.97,105249,19.96,82873,19.95,46671
1663743862544924754,19.98,16662,20.0,23665,20.02,3091,19.97,124992,19.96,83524,19.95,46671
1663743862545435045,19.98,16662,20.0,23665,20.02,3091,19.97,123655,19.96,83524,19.95,46671
1663743862605461280,19.98,16662,20.0,23665,20.02,3091,19.97,123654,19.96,83524,19.95,46671
1663743863118218251,19.98,16662,20.0,23665,20.02,3091,19.97,123653,19.96,83524,19.95,46671
1663743863245658871,19.98,16662,20.0,23665,20.02,3091,19.97,123555,19.96,83524,19.95,46671
1663743863245658871,19.98,16662,20.0,23665,20.02,3091,19.97,123553,19.96,83524,19.95,46671
1663743863525078740,19.98,16662,20.0,23665,20.02,3091,19.97,123552,19.96,83524,19.95,46671
1663743863605378324,19.98,16662,20.0,23665,20.02,3091,19.97,123541,19.96,83524,19.95,46671
1663743865462785414,19.98,20395,20.0,23665,20.02,3091,19.97,122095,19.96,83524,19.95,46671
1663743865569224315,19.98,20395,20.0,23665,20.02,3091,19.97,122621,19.96,83524,19.95,46671
1663743866040175441,19.98,20395,20.0,23665,20.02,3091,19.97,122620,19.96,86525,19.95,46671
1663743866509279133,19.98,20395,20.0,23665,20.02,3091,19.97,122619,19.96,89883,19.95,49171
1663743866593440819,19.98,20395,20.0,23665,20.02,3091,19.97,122609,19.96,89883,19.95,49171
1663743866971197872,19.98,20395,20.0,23665,20.02,3091,19.97,122608,19.96,89883,19.95,49171
1663743867499746346,19.98,19102,20.0,23665,20.02,3091,19.97,122607,19.96,89883,19.95,64598
1663743867900323735,19.98,19102,20.0,23665,20.02,3091,19.97,122606,19.96,89883,19.95,64598
1663743868234877492,19.98,19102,20.0,23665,20.02,3091,19.97,122093,19.96,89883,19.95,64598
1663743868234877492,19.98,19102,20.0,23665,20.02,3091,19.97,120953,19.96,89883,19.95,64598
1663743868234877492,19.98,19102,20.0,23665,20.02,3091,19.97,118452,19.96,89883,19.95,64598
1663743868234877492,19.98,19102,20.0,23665,20.02,3091,19.97,112606,19.96,89883,19.95,64598
1663743868236250791,19.98,19102,20.0,23665,20.02,3091,19.97,112605,19.96,89883,19.95,64598
1663743869543715009,19.98,19102,20.0,23665,20.02,3091,19.97,112603,19.96,89883,19.95,64598
1663743870711965395,19.98,19102,20.0,23665,20.02,3091,19.97,108326,19.96,89883,19.95,64598
1663743871463468430,19.98,19102,20.0,23665,20.02,3091,19.97,108315,19.96,89883,19.95,65321
1663743871938103092,19.98,19102,20.0,23665,20.02,3091,19.97,108310,19.96,89883,19.95,65321
1663743872769097482,19.98,19102,20.0,23665,20.02,3091,19.97,108290,19.96,89883,19.95,65321
1663743872975612583,19.98,19102,20.0,23665,20.02,3091,19.97,105790,19.96,89883,19.95,65321
1663743873059252678,19.98,19102,20.0,23665,20.02,3091,19.97,104790,19.96,89883,19.95,65321
1663743873598665927,19.98,19102,20.0,23665,20.02,3091,19.97,104466,19.96,89883,19.95,65321
1663743873837902261,19.98,19102,20.0,23665,20.02,3091,19.97,104441,19.96,89883,19.95,65321
1663743874550571195,19.98,19102,20.0,23665,20.02,3091,19.97,81291,19.96,89883,19.95,65321
1663743874550571195,19.98,19102,20.0,23665,20.02,3091,19.97,78791,19.96,89883,19.95,65321
1663743874632449049,19.98,19102,20.0,23665,20.02,3091,19.97,78691,19.96,89883,19.95,65321
1663743876202464892,19.98,19102,20.0,23665,20.02,3091,19.97,78291,19.96,89883,19.95,65321
1663743876202614499,19.98,19102,20.0,23665,20.02,3091,19.97,76190,19.96,89883,19.95,65321
1663743876202614499,19.98,19102,20.0,23665,20.02,3091,19.97,75370,19.96,89883,19.95,65321
1663743876503012437,19.98,19102,20.0,23665,20.02,3091,19.97,75020,19.96,89883,19.95,65321
1663743876735568386,19.98,19102,20.0,23665,20.02,3091,19.97,74694,19.96,89883,19.95,65321
1663743876735568386,19.98,19102,20.0,23665,20.02,3091,19.97,74020,19.96,89883,19.95,65321
1663743877694082152,19.98,19102,20.0,23665,20.02,3091,19.97,73691,19.96,89883,19.95,65321
1663743877694409164,19.98,19102,20.0,23665,20.02,3091,19.97,70411,19.96,89883,19.95,65321
1663743877701654503,19.98,19102,20.0,23665,20.02,3091,19.97,70386,19.96,89883,19.95,65321
1663743877893020464,19.98,19102,20.0,23665,20.02,3091,19.97,69859,19.96,89883,19.95,65321
1663743878533334948,19.98,19102,20.0,23665,20.02,3091,19.97,66491,19.96,89883,19.95,65321
1663743878534054734,19.98,19102,20.0,23665,20.02,3091,19.97,65891,19.96,89883,19.95,65321
1663743879866090153,19.98,19102,20.0,23665,20.02,3091,19.97,65391,19.96,89883,19.95,65321
1663743880157649823,19.98,19102,20.0,23665,20.02,3091,19.97,65249,19.96,89883,19.95,65321
1663743880157649823,19.98,19102,20.0,23665,20.02,3091,19.97,64891,19.96,89883,19.95,65321
1663743881225816903,19.98,19102,20.0,23665,20.02,3091,19.97,64691,19.96,89883,19.95,65321
1663743881872978775,19.98,19102,20.0,23665,20.02,3091,19.97,60614,19.96,89883,19.95,65321
1663743881875356017,19.98,19102,20.0,23665,20.02,3091,19.97,58213,19.96,89883,19.95,65321
1663743881875356017,19.98,19102,20.0,23665,20.02,3091,19.97,53213,19.96,89883,19.95,65321
1663743881984075238,19.98,19102,20.0,23665,20.02,3091,19.97,53212,19.96,89883,19.95,65321
1663743882364484774,19.98,19102,20.0,23665,20.02,3091,19.97,53211,19.96,89883,19.95,65321
1663743882733858398,19.98,19102,20.0,23665,20.02,3091,19.97,53210,19.96,89883,19.95,65321
1663743882855687520,19.98,19102,20.0,23665,20.02,3091,19.97,51070,19.96,89883,19.95,65321
1663743882855687520,19.98,19102,20.0,23665,20.02,3091,19.97,46322,19.96,89883,19.95,65321
1663743882855851555,19.98,19102,20.0,23665,20.02,3091,19.97,26070,19.96,89883,19.95,65321
1663743882855851555,19.98,19102,20.0,23665,20.02,3091,19.97,23942,19.96,89883,19.95,65321
1663743882856488644,19.98,19102,20.0,23665,20.02,3091,19.97,21441,19.96,89883,19.95,65321
1663743883237664094,19.98,19102,20.0,23665,20.02,3091,19.97,21440,19.96,89883,19.95,65321
1663743883644462982,19.98,19102,20.0,23665,20.02,3091,19.97,21439,19.96,89883,19.95,65321
1663743884183023162,19.98,19102,20.0,23665,20.02,3091,19.97,21437,19.96,89883,19.95,65321
1663743884212982116,19.98,19102,20.0,23665,20.02,3091,19.97,21436,19.96,89883,19.95,65321
1663743884261752762,19.98,19102,20.0,23665,20.02,3091,19.97,20436,19.96,89883,19.95,65321
1663743884752730245,19.98,19102,20.0,23665,20.02,3091,19.97,20435,19.96,89883,19.95,65321
1663743885306534038,19.98,19102,20.0,23665,20.02,3091,19.97,20434,19.96,89883,19.95,65321
1663743885624940751,19.98,19102,20.0,23665,20.02,3091,19.97,19434,19.96,89883,19.95,65321
1663743885909711453,19.98,19102,20.0,23665,20.02,3091,19.97,19433,19.96,89883,19.95,65321
1663743886267904516,19.98,19102,20.0,23665,20.02,3091,19.97,19423,19.96,89883,19.95,65321
1663743886301238103,19.98,19102,20.0,23665,20.02,3091,19.97,19422,19.96,89883,19.95,65321
1663743886347110758,19.98,19102,20.0,23665,20.02,3091,19.97,18422,19.96,89883,19.95,65321
1663743886503959434,19.98,19102,20.0,23665,20.02,3091,19.97,17813,19.96,89883,19.95,65321
1663743886674244159,19.98,19102,20.0,23665,20.02,3091,19.97,17812,19.96,89883,19.95,65321
1663743887065326401,19.98,19102,20.0,23665,20.02,3091,19.97,17811,19.96,89883,19.95,65321
1663743887070199939,19.98,19102,20.0,23665,20.02,3091,19.97,17511,19.96,89883,19.95,65321
1663743887073911269,19.98,19102,20.0,23665,20.02,3091,19.97,16511,19.96,89883,19.95,65321
1663743887073995226,19.98,19102,20.0,23665,20.02,3091,19.97,4018,19.96,89883,19.95,65321
1663743887073995226,19.98,19102,20.0,23665,20.02,3091,19.97,1517,19.96,89883,19.95,65321
1663743887073995226,19.98,19102,20.0,23665,20.02,3091,19.96,89525,19.95,65321,19.94,67978
1663743887106325906,19.98,19102,20.0,23665,20.02,3091,19.96,89520,19.95,65321,19.94,67978
1663743887110828221,19.98,19102,20.0,23665,20.02,3091,19.96,89211,19.95,65321,19.94,67978
1663743887110828221,19.98,19102,20.0,23665,20.02,3091,19.96,88995,19.95,65321,19.94,67978
1663743887110828221,19.98,19102,20.0,23665,20.02,3091,19.96,87886,19.95,65321,19.94,67978
1663743887110828221,19.98,19102,20.0,23665,20.02,3091,19.96,87020,19.95,65321,19.94,67978
1663743887124320361,19.98,19102,20.0,23665,20.02,3091,19.96,86411,19.95,65321,19.94,67978
1663743887462243942,19.98,19102,20.0,23665,20.02,3091,19.96,86410,19.95,65321,19.94,67978
1663743887574970085,19.98,19102,20.0,23665,20.02,3091,19.96,86400,19.95,65321,19.94,67978
1663743887857188240,19.98,19102,20.0,23665,20.02,3091,19.96,86399,19.95,65321,19.94,67978
1663743888244523431,19.98,19102,20.0,23665,20.02,3091,19.96,86398,19.95,65321,19.94,67978
1663743888292857052,19.98,19102,20.0,23665,20.02,3091,19.96,85802,19.95,65321,19.94,67978
1663743888612854076,19.98,19102,20.0,23665,20.02,3091,19.96,85777,19.95,65321,19.94,67978
1663743888714811583,19.98,19102,20.0,23665,20.02,3091,19.96,85193,19.95,65321,19.94,67978
1663743888714811583,19.98,19102,20.0,23665,20.02,3091,19.96,85018,19.95,65321,19.94,67978
1663743888714811583,19.98,19102,20.0,23665,20.02,3091,19.96,84409,19.95,65321,19.94,67978
1663743888714811583,19.98,19102,20.0,23665,20.02,3091,19.96,83777,19.95,65321,19.94,67978
1663743888715999915,19.98,19102,20.0,23665,20.02,3091,19.96,83199,19.95,65321,19.94,67978
1663743888778310477,19.98,19102,20.0,23665,20.02,3091,19.96,82621,19.95,65321,19.94,67978
1663743888779879419,19.98,19102,20.0,23665,20.02,3091,19.96,82043,19.95,65321,19.94,67978
1663743888780793092,19.98,19102,20.0,23665,20.02,3091,19.96,81465,19.95,65321,19.94,67978
1663743889142587177,19.98,19102,20.0,23665,20.02,3091,19.96,81464,19.95,65321,19.94,67978
1663743889620857701,19.98,19102,20.0,23665,20.02,3091,19.96,81463,19.95,65321,19.94,67978
1663743890184922483,19.98,19102,20.0,23665,20.02,3091,19.96,81462,19.95,65321,19.94,67978
1663743890724124073,19.98,19102,20.0,23665,20.02,3091,19.96,81461,19.95,65321,19.94,67978
1663743891145287543,19.98,19102,20.0,23665,20.02,3091,19.96,81264,19.95,65321,19.94,67978
1663743891145287543,19.98,19102,20.0,23665,20.02,3091,19.96,80264,19.95,65321,19.94,67978
1663743891309221564,19.98,19102,20.0,23665,20.02,3091,19.96,79656,19.95,65321,19.94,67978
1663743891309221564,19.98,19102,20.0,23665,20.02,3091,19.96,77155,19.95,65321,19.94,67978
1663743891379362643,19.98,19102,20.0,23665,20.02,3091,19.96,77154,19.95,65321,19.94,67978
1663743891950728089,19.98,19102,20.0,23665,20.02,3091,19.96,77153,19.95,65321,19.94,67978
1663743892444929617,19.98,19102,20.0,23665,20.02,3091,19.96,77152,19.95,65321,19.94,67978
1663743892531342087,19.98,19102,20.0,23665,20.02,3091,19.96,51634,19.95,65321,19.94,67978
1663743892531342087,19.98,19102,20.0,23665,20.02,3091,19.96,50634,19.95,65321,19.94,67978
1663743892531342087,19.98,19102,20.0,23665,20.02,3091,19.96,48133,19.95,65321,19.94,67978
1663743892531342087,19.98,19102,20.0,23665,20.02,3091,19.96,47588,19.95,65321,19.94,67978
1663743892531342087,19.98,19102,20.0,23665,20.02,3091,19.96,46390,19.95,65321,19.94,67978
1663743892893215086,19.98,19102,20.0,23665,20.02,3091,19.96,45640,19.95,65321,19.94,67978
1663743893068565611,19.98,19102,20.0,23665,20.02,3091,19.96,45639,19.95,65321,19.94,67978
1663743893546141295,19.98,19102,20.0,23665,20.02,3091,19.96,45638,19.95,65321,19.94,67978
1663743893673355393,19.98,19102,20.0,23665,20.02,3091,19.96,43138,19.95,65321,19.94,67978
1663743893674549314,19.98,19102,20.0,23665,20.02,3091,19.96,41187,19.95,65321,19.94,67978
1663743893953796346,19.98,19102,20.0,23665,20.02,3091,19.96,40980,19.95,65321,19.94,67978
1663743893953796346,19.98,19102,20.0,23665,20.02,3091,19.96,40638,19.95,65321,19.94,67978
1663743893953796346,19.98,19102,20.0,23665,20.02,3091,19.96,37870,19.95,65321,19.94,67978
1663743893953796346,19.98,19102,20.0,23665,20.02,3091,19.96,37865,19.95,65321,19.94,67978
1663743893953796346,19.98,19102,20.0,23665,20.02,3091,19.96,37855,19.95,65321,19.94,67978
1663743893953796346,19.98,19102,20.0,23665,20.02,3091,19.96,37306,19.95,65321,19.94,67978
1663743893953796346,19.98,19102,20.0,23665,20.02,3091,19.96,36187,19.95,65321,19.94,67978
1663743894091468802,19.98,19102,20.0,23665,20.02,3091,19.96,36186,19.95,65321,19.94,67978
1663743894522320983,19.98,19102,20.0,23665,20.02,3091,19.96,36176,19.95,65321,19.94,67978
1663743894574168675,19.98,19102,20.0,23665,20.02,3091,19.96,36175,19.95,65321,19.94,67978
1663743894605683526,19.98,19102,20.0,23665,20.02,3091,19.96,35175,19.95,65321,19.94,67978
1663743894898969856,19.98,19102,20.0,23665,20.02,3091,19.96,31909,19.95,65321,19.94,67978
1663743894962441277,19.98,19102,20.0,23665,20.02,3091,19.96,27632,19.95,65321,19.94,67978
1663743895043636115,19.98,19102,20.0,23665,20.02,3091,19.96,27631,19.95,65321,19.94,67978
1663743895462768386,19.98,19102,20.0,23665,20.02,3091,19.96,23355,19.95,65321,19.94,67978
1663743895462768386,19.98,19102,20.0,23665,20.02,3091,19.96,21332,19.95,65321,19.94,67978
1663743895514073539,19.98,19102,20.0,23665,20.02,3091,19.96,21331,19.95,65321,19.94,67978
1663743895576854134,19.98,19102,20.0,23665,20.02,3091,19.96,21201,19.95,65321,19.94,67978
1663743895629712472,19.98,19102,20.0,23665,20.02,3091,19.96,21200,19.95,65321,19.94,67978
1663743896143805546,19.98,19102,20.0,23665,20.02,3091,19.96,21199,19.95,65321,19.94,67978
1663743896524701555,19.98,19102,20.0,23665,20.02,3091,19.96,21198,19.95,65321,19.94,67978
1663743897111353987,19.98,19102,20.0,23665,20.02,3091,19.96,21197,19.95,65321,19.94,67978
1663743897157641523,19.98,19102,20.0,23665,20.02,3091,19.96,20197,19.95,65321,19.94,67978
1663743897198097713,19.98,19102,20.0,23665,20.02,3091,19.96,19193,19.95,65321,19.94,67978
1663743897593867332,19.98,19102,20.0,23665,20.02,3091,19.96,19183,19.95,65321,19.94,67978
1663743897703839524,19.98,19102,20.0,23665,20.02,3091,19.96,19182,19.95,65321,19.94,67978
1663743897759590202,19.98,19102,20.0,23665,20.02,3091,19.96,18893,19.95,65321,19.94,67978
1663743897759590202,19.98,19102,20.0,23665,20.02,3091,19.96,18371,19.95,65321,19.94,67978
1663743897759590202,19.98,19102,20.0,23665,20.02,3091,19.96,14094,19.95,65321,19.94,67978
1663743898156622544,19.98,19102,20.0,23665,20.02,3091,19.96,14093,19.95,65321,19.94,67978
1663743898542592299,19.98,19102,20.0,23665,20.02,3091,19.96,14092,19.95,65321,19.94,67978
1663743899052927706,19.98,19102,20.0,23665,20.02,3091,19.96,14072,19.95,65321,19.94,67978
1663743899107530688,19.98,19102,20.0,23665,20.02,3091,19.96,14071,19.95,65321,19.94,67978
1663743899606590859,19.98,19102,20.0,23665,20.02,3091,19.96,14070,19.95,65321,19.94,67978
1663743899814691073,19.98,19102,20.0,23665,20.02,3091,19.96,13895,19.95,65321,19.94,67978
1663743899814691073,19.98,19102,20.0,23665,20.02,3091,19.96,13639,19.95,65321,19.94,67978
1663743899814691073,19.98,19102,20.0,23665,20.02,3091,19.96,7958,19.95,65321,19.94,67978
1663743899815146977,19.98,19102,20.0,23665,20.02,3091,19.96,7885,19.95,65321,19.94,67978
1663743899815170127,19.98,19102,20.0,23665,20.02,3091,19.95,37427,19.94,67978,19.93,50285
1663743899816374976,19.98,19102,20.0,23665,20.02,3091,19.95,37417,19.94,67978,19.93,50285
1663743900089885819,19.98,19102,20.0,23665,20.02,3091,19.95,37416,19.94,67978,19.93,50285
1663743900621437654,19.98,19102,20.0,23665,20.02,3091,19.95,37415,19.94,67978,19.93,50285
1663743900878061301,19.98,19102,20.0,23665,20.02,3091,19.95,36115,19.94,67978,19.93,50285
1663743900898188005,19.98,19102,20.0,23665,20.02,3091,19.95,32397,19.94,67978,19.93,50285
1663743901006898998,19.98,19102,20.0,23665,20.02,3091,19.95,32396,19.94,67978,19.93,50285
1663743901394306349,19.98,19102,20.0,23665,20.02,3091,19.95,29825,19.94,67978,19.93,50285
1663743901491508395,19.98,19102,20.0,23665,20.02,3091,19.95,29824,19.94,67978,19.93,50285
1663743901974544349,19.98,19102,20.0,23665,20.02,3091,19.95,29823,19.94,67978,19.93,50285
1663743902436165645,19.98,19102,20.0,23665,20.02,3091,19.95,29822,19.94,67978,19.93,50285
1663743902959161855,19.98,19102,20.0,23665,20.02,3091,19.95,29821,19.94,67978,19.93,50285
1663743903018522293,19.98,19102,20.0,23665,20.02,3091,19.95,27251,19.94,67978,19.93,50285
1663743903018522293,19.98,19102,20.0,23665,20.02,3091,19.95,27055,19.94,67978,19.93,50285
1663743903018522293,19.98,19102,20.0,23665,20.02,3091,19.95,26729,19.94,67978,19.93,50285
1663743903018522293,19.98,19102,20.0,23665,20.02,3091,19.95,26561,19.94,67978,19.93,50285
1663743903525168366,19.98,19102,20.0,23665,20.02,3091,19.95,26560,19.94,67978,19.93,50285
1663743903977585573,19.98,19102,20.0,23665,20.02,3091,19.95,26559,19.94,67978,19.93,50285
1663743904098341485,19.98,19102,20.0,23665,20.02,3091,19.95,24059,19.94,67978,19.93,50285
1663743904461309052,19.98,19102,20.0,23665,20.02,3091,19.95,24058,19.94,67978,19.93,50285
1663743904913669905,19.98,19102,20.0,23665,20.02,3091,19.95,24057,19.94,67978,19.93,50285
1663743905235907823,19.98,19102,20.0,23665,20.02,3091,19.95,24056,19.94,67978,19.93,50285
1663743905600289903,19.98,19102,20.0,23665,20.02,3091,19.95,23667,19.94,67978,19.93,50285
1663743905600289903,19.98,19102,20.0,23665,20.02,3091,19.95,23556,19.94,67978,19.93,50285
1663743905870593815,19.98,19102,20.0,23665,20.02,3091,19.95,22556,19.94,67978,19.93,50285
1663743905870672560,19.98,19102,20.0,23665,20.02,3091,19.94,67674,19.93,50285,19.92,89877
1663743905870672560,19.98,19102,20.0,23665,20.02,3091,19.94,65103,19.93,50285,19.92,89877
1663743905870672560,19.98,19102,20.0,23665,20.02,3091,19.94,64287,19.93,50285,19.92,89877
1663743906082478401,19.98,19102,20.0,23665,20.02,3091,19.94,59548,19.93,50285,19.92,89877
1663743906082478401,19.98,19102,20.0,23665,20.02,3091,19.94,54287,19.93,50285,19.92,89877
1663743906314445222,19.98,19102,20.0,23665,20.02,3091,19.94,53787,19.93,50285,19.92,89877
1663743907889545055,19.98,19102,20.0,23665,20.02,3091,19.94,53762,19.93,50285,19.92,89877
1663743908457407586,19.98,19102,20.0,23665,20.02,3091,19.94,53751,19.93,50285,19.92,89877
1663743908677213009,19.98,19102,20.0,23665,20.02,3091,19.94,53335,19.93,50285,19.92,89877
1663743909478214816,19.98,19102,20.0,23665,20.02,3091,19.94,52335,19.93,50285,19.92,89877
1663743909666075424,19.98,19102,20.0,23665,20.02,3091,19.94,42335,19.93,50285,19.92,89877
1663743909666235995,19.98,19102,20.0,23665,20.02,3091,19.94,40857,19.93,50285,19.92,89877
1663743909666235995,19.98,19102,20.0,23665,20.02,3091,19.94,38356,19.93,50285,19.92,89877
1663743909666235995,19.98,19102,20.0,23665,20.02,3091,19.94,33192,19.93,50285,19.92,89877
1663743909666235995,19.98,19102,20.0,23665,20.02,3091,19.94,32842,19.93,50285,19.92,89877
1663743909666937940,19.98,19102,20.0,23665,20.02,3091,19.94,22842,19.93,50285,19.92,89877
1663743909666937940,19.98,19102,20.0,23665,20.02,3091,19.94,22742,19.93,50285,19.92,89877
1663743909948711972,19.98,19102,20.0,23665,20.02,3091,19.94,22741,19.93,50285,19.92,89877
1663743910570391108,19.98,19102,20.0,23665,20.02,3091,19.94,20323,19.93,50285,19.92,89877
1663743910570418309,19.98,19102,20.0,23665,20.02,3091,19.94,15177,19.93,50285,19.92,89877
1663743913320366940,19.98,19102,20.0,23665,20.02,3091,19.94,12677,19.93,50285,19.92,89877
1663743913320366940,19.98,19102,20.0,23665,20.02,3091,19.94,12667,19.93,50285,19.92,89877
1663743913321488713,19.98,19102,20.0,23665,20.02,3091,19.94,12654,19.93,50285,19.92,89877
1663743913712846121,19.98,19102,20.0,23665,20.02,3091,19.94,11654,19.93,50285,19.92,89877
1663743914055613489,19.98,19102,20.0,23665,20.02,3091,19.94,10689,19.93,50285,19.92,89877
1663743914228467152,19.98,19102,20.0,23665,20.02,3091,19.94,10639,19.93,50285,19.92,89877
1663743914228632836,19.98,19102,20.0,23665,20.02,3091,19.94,10167,19.93,50285,19.92,89877
1663743914228632836,19.98,19102,20.0,23665,20.02,3091,19.94,7749,19.93,50285,19.92,89877
1663743914260317516,19.98,19102,20.0,23665,20.02,3091,19.94,5749,19.93,50285,19.92,89877
1663743914945159677,19.98,19102,20.0,23665,20.02,3091,19.94,5484,19.93,50285,19.92,89877
1663743914945159677,19.98,19102,20.0,23665,20.02,3091,19.94,5449,19.93,50285,19.92,89877
1663743915131794972,19.98,19102,20.0,23665,20.02,3091,19.94,5439,19.93,50285,19.92,89877
1663743915563849959,19.98,19102,20.0,23665,20.02,3091,19.94,5429,19.93,50285,19.92,89877
1663743915591264234,19.98,19102,20.0,23665,20.02,3091,19.94,4962,19.93,50285,19.92,89877
1663743915591264234,19.98,19102,20.0,23665,20.02,3091,19.94,4429,19.93,50285,19.92,89877
1663743915591727723,19.98,19102,20.0,23665,20.02,3091,19.94,3907,19.93,50285,19.92,89877
1663743917016418309,19.98,19102,20.0,23665,20.02,3091,19.94,3385,19.93,50285,19.92,89877
1663743917016418309,19.98,19102,20.0,23665,20.02,3091,19.94,1385,19.93,50285,19.92,89877
1663743917016418309,19.98,19102,20.0,23665,20.02,3091,19.94,1354,19.93,50285,19.92,89877
1663743917016418309,19.98,19102,20.0,23665,20.02,3091,19.94,354,19.93,50285,19.92,89877
1663743917023932743,19.98,19102,20.0,23665,20.02,3091,19.93,50117,19.92,89877,19.91,91384
1663743917024211990,19.98,19102,20.0,23665,20.02,3091,19.93,43133,19.92,89877,19.91,91384
1663743917137624915,19.98,19102,20.0,23665,20.02,3091,19.93,42939,19.92,89877,19.91,91384
1663743917137624915,19.98,19102,20.0,23665,20.02,3091,19.93,42614,19.92,89877,19.91,91384
1663743917137624915,19.98,19102,20.0,23665,20.02,3091,19.93,42133,19.92,89877,19.91,91384
1663743917322175474,19.98,19102,20.0,23665,20.02,3091,19.93,42033,19.92,89877,19.91,91384
1663743917513921829,19.98,19102,20.0,23665,20.02,3091,19.93,41611,19.92,89877,19.91,91384
1663743917513921829,19.98,19102,20.0,23665,20.02,3091,19.93,41089,19.92,89877,19.91,91384
1663743917513921829,19.98,19102,20.0,23665,20.02,3091,19.93,38671,19.92,89877,19.91,91384
1663743917513921829,19.98,19102,20.0,23665,20.02,3091,19.93,38151,19.92,89877,19.91,91384
1663743918111059993,19.98,19102,20.0,23665,20.02,3091,19.93,37645,19.92,89877,19.91,91384
1663743918111059993,19.98,19102,20.0,23665,20.02,3091,19.93,37183,19.92,89877,19.91,91384
1663743918111059993,19.98,19102,20.0,23665,20.02,3091,19.93,36451,19.92,89877,19.91,91384
1663743918443675146,19.98,19102,20.0,23665,20.02,3091,19.93,35929,19.92,89877,19.91,91384
1663743918443675146,19.98,19102,20.0,23665,20.02,3091,19.93,35451,19.92,89877,19.91,91384
1663743918469032736,19.98,19102,20.0,23665,20.02,3091,19.93,31661,19.92,89877,19.91,91384
1663743918469032736,19.98,19102,20.0,23665,20.02,3091,19.93,30451,19.92,89877,19.91,91384
1663743918494491197,19.98,19102,20.0,23665,20.02,3091,19.93,30446,19.92,89877,19.91,91384
1663743918904616798,19.98,19102,20.0,23665,20.02,3091,19.93,30441,19.92,89877,19.91,91384
1663743919261622001,19.98,19102,20.0,23665,20.02,3091,19.93,28863,19.92,89877,19.91,91384
1663743919768617089,19.98,19102,20.0,23665,20.02,3091,19.93,27582,19.92,89877,19.91,91384
1663743919768617089,19.98,19102,20.0,23665,20.02,3091,19.93,27060,19.92,89877,19.91,91384
1663743919768617089,19.98,19102,20.0,23665,20.02,3091,19.93,22060,19.92,89877,19.91,91384
1663743919768617089,19.98,19102,20.0,23665,20.02,3091,19.93,21215,19.92,89877,19.91,91384
1663743919770348545,19.98,19102,20.0,23665,20.02,3091,19.93,18715,19.92,89877,19.91,91384
1663743919822617668,19.98,19102,20.0,23665,20.02,3091,19.93,18362,19.92,89877,19.91,91384
1663743919822617668,19.98,19102,20.0,23665,20.02,3091,19.93,18193,19.92,89877,19.91,91384
1663743919822617668,19.98,19102,20.0,23665,20.02,3091,19.93,17671,19.92,89877,19.91,91384
1663743919822617668,19.98,19102,20.0,23665,20.02,3091,19.93,16671,19.92,89877,19.91,91384
1663743919822617668,19.98,19102,20.0,23665,20.02,3091,19.93,15171,19.92,89877,19.91,91384
1663743919822617668,19.98,19102,20.0,23665,20.02,3091,19.93,13715,19.92,89877,19.91,91384
1663743919827868556,19.98,19102,20.0,23665,20.02,3091,19.93,13680,19.92,89877,19.91,91384
1663743920064248750,19.98,19102,20.0,23665,20.02,3091,19.93,13193,19.92,89877,19.91,91384
1663743920431368716,19.98,19102,20.0,23665,20.02,3091,19.93,13061,19.92,89877,19.91,91384
1663743922400320415,19.98,19102,20.0,23665,20.02,3091,19.92,82939,19.91,91484,19.9,310996
1663743922400320415,19.98,19102,20.0,23665,20.02,3091,19.92,81939,19.91,91484,19.9,310996
1663743922400320415,19.98,19102,20.0,23665,20.02,3091,19.92,80699,19.91,91484,19.9,310996
1663743922443294485,19.98,19102,20.0,23665,20.02,3091,19.92,79243,19.91,91484,19.9,310996
1663743922443438533,19.98,19102,20.0,23665,20.02,3091,19.92,73743,19.91,91484,19.9,310996
1663743922443833579,19.98,19102,20.0,23665,20.02,3091,19.92,71765,19.91,91484,19.9,310996
1663743922547933673,19.98,19102,20.0,23665,20.02,3091,19.92,71715,19.91,92884,19.9,310996
1663743922915526631,19.98,19102,20.0,23665,20.02,3091,19.92,71243,19.91,92884,19.9,310996
1663743922915920316,19.93,6150,19.94,1005,19.95,2794,19.92,71243,19.91,92884,19.9,310996
1663743922915996898,19.93,2455,19.94,1005,19.95,2794,19.92,71243,19.91,92884,19.9,310996
1663743922945478027,19.93,2977,19.94,1005,19.95,2794,19.92,68743,19.91,92884,19.9,310996
1663743924673960552,19.93,2977,19.94,1005,19.95,2794,19.92,68248,19.91,93894,19.9,310996
