bist_time,ask,bid,volume
1663743600232709629,19.93,19.92,57902
1663743600575170650,19.93,19.92,78478
1663743600578194994,19.93,19.92,78478
1663743600652958895,19.93,19.92,77814
1663743600704343042,19.93,19.92,77752
1663743600704343042,19.93,19.92,77752
1663743601130848327,19.93,19.92,78290
1663743601130848327,19.93,19.92,78290
1663743601130848327,19.93,19.92,78290
1663743601130848327,19.93,19.92,78290
1663743601130848327,19.93,19.92,78290
1663743601231889855,19.93,19.92,136646
1663743601232338028,19.93,19.92,136646
1663743601245783490,19.93,19.92,141146
1663743601245973093,19.93,19.92,141144
1663743601248059365,19.93,19.92,139544
1663743601314989438,19.93,19.92,139744
1663743601693306204,19.93,19.92,139883
1663743601693306204,19.93,19.92,139883
1663743601696629211,19.93,19.92,140011
1663743601841638484,19.93,19.92,143007
1663743601993101076,19.93,19.92,143772
1663743601993101076,19.93,19.92,142719
1663743601993415832,19.93,19.92,142719
1663743602187744073,19.93,19.92,142719
1663743602189175037,19.93,19.92,142854
1663743602235416224,19.93,19.92,137975
1663743602237055804,19.92,19.91,151147
1663743602346490837,19.92,19.91,181185
1663743602369237369,19.92,19.91,181373
1663743602519177940,19.92,19.91,193103
1663743602562508962,19.92,19.91,192355
1663743603077418877,19.92,19.91,204687
1663743603077725834,19.92,19.9,194810
1663743603938086251,19.92,19.91,224080
1663743604150095055,19.92,19.9,221310
1663743604150095055,19.92,19.9,221310
1663743604553883066,19.92,19.9,244522
1663743604554063027,19.92,19.9,241882
1663743604646521218,19.92,19.9,249339
1663743604731023335,19.92,19.9,251868
1663743604731023335,19.92,19.9,251868
1663743604731023335,19.92,19.9,251868
1663743604731023335,19.92,19.9,251868
1663743604731023335,19.92,19.9,251868
1663743604731023335,19.92,19.9,251868
1663743604737571196,19.92,19.9,252304
1663743605021924245,19.92,19.9,256054
1663743605099106583,19.92,19.9,256054
1663743605425853871,19.92,19.9,266054
1663743605518818530,19.92,19.9,266054
1663743605518818530,19.92,19.9,266054
1663743605799638643,19.92,19.9,266103
1663743605799638643,19.92,19.9,260918
1663743605843527181,19.92,19.9,354816
1663743605843527181,19.92,19.9,354798
1663743605892113669,19.92,19.9,354798
1663743605907892332,19.92,19.91,356187
1663743605985707994,19.92,19.91,356529
1663743606255909793,19.92,19.91,356529
1663743606544890697,19.92,19.91,356529
1663743606544971595,19.92,19.91,356529
1663743606758202842,19.92,19.91,356529
1663743606934428730,19.92,19.91,356529
1663743606937062052,19.92,19.91,356529
1663743606938149733,19.92,19.91,356529
1663743606938149733,19.92,19.91,356529
1663743606938149733,19.92,19.91,356529
1663743606938149733,19.92,19.91,356529
1663743606938149733,19.92,19.91,356529
1663743606938149733,19.92,19.91,356529
1663743606938149733,19.92,19.91,356529
1663743606938149733,19.92,19.91,356529
1663743606944615372,19.92,19.91,356529
1663743606959074964,19.92,19.91,356529
1663743606959742533,19.92,19.91,356529
1663743606960338942,19.92,19.91,356529
1663743606968027493,19.92,19.91,356529
1663743606996923538,19.92,19.91,356529
1663743606996923538,19.92,19.91,356529
1663743606997464459,19.92,19.91,356529
1663743607012095930,19.92,19.91,356529
1663743607012095930,19.92,19.91,356529
1663743607040048471,19.92,19.91,358713
1663743607062448667,19.92,19.91,358713
1663743607067595679,19.92,19.91,358713
1663743607067909201,19.92,19.91,358713
1663743607069052774,19.92,19.91,358713
1663743607089063331,19.92,19.91,360046
1663743607089063331,19.92,19.91,360046
1663743607415392442,19.92,19.91,360047
1663743607415392442,19.92,19.91,360047
1663743607415392442,19.92,19.91,360047
1663743607479260168,19.92,19.91,360047
1663743607515122983,19.92,19.91,360047
1663743607997696724,19.92,19.91,360047
1663743607998168109,19.92,19.91,360047
1663743608101729775,19.92,19.91,360048
1663743608101729775,19.92,19.91,360048
1663743608101729775,19.92,19.91,360048
1663743608101729775,19.92,19.91,360048
1663743608101729775,19.92,19.91,360048
1663743608101729775,19.92,19.91,360048
1663743608101729775,19.92,19.91,360048
1663743608101729775,19.92,19.91,360048
1663743608857795841,19.92,19.91,360467
1663743609113579955,19.92,19.91,360467
1663743609113579955,19.92,19.91,360467
1663743609193882458,19.92,19.91,439617
1663743609193882458,19.92,19.91,439617
1663743609194427005,19.92,19.91,439617
1663743609198895642,19.92,19.91,444518
1663743609265379829,19.92,19.91,445019
1663743609573880260,19.92,19.91,445350
1663743609573880260,19.92,19.91,445350
1663743610545188604,19.92,19.91,445350
1663743610545188604,19.92,19.91,445350
1663743610545188604,19.92,19.91,445350
1663743610545188604,19.92,19.91,445350
1663743610545188604,19.92,19.91,445350
1663743610545188604,19.92,19.91,445350
1663743610545188604,19.92,19.91,445350
1663743610545188604,19.92,19.91,445350
1663743610545188604,19.92,19.91,445350
1663743610545188604,19.92,19.91,445350
1663743610545188604,19.92,19.91,445350
1663743611156831275,19.92,19.91,445350
1663743611156831275,19.92,19.91,445350
1663743611156831275,19.92,19.91,445350
1663743611156831275,19.92,19.91,445350
1663743611156831275,19.92,19.91,445350
1663743611156831275,19.92,19.91,445350
1663743611156831275,19.92,19.91,445350
1663743611156831275,19.92,19.91,445350
1663743611156831275,19.92,19.91,445350
1663743611632901248,19.92,19.91,446450
1663743613019464718,19.92,19.91,451700
1663743613428416311,19.92,19.91,451700
1663743613578934278,19.92,19.91,451700
1663743614887460273,19.92,19.91,461921
1663743615053338781,19.92,19.91,461972
1663743615519099221,19.92,19.91,461972
1663743615983823995,19.92,19.91,461972
1663743616463252361,19.92,19.91,461972
1663743616463252361,19.92,19.91,461972
1663743616917630682,19.92,19.91,461972
1663743616949595402,19.92,19.91,461972
1663743617391757417,19.92,19.91,462222
1663743617391757417,19.92,19.91,462222
1663743619571803243,19.92,19.91,472224
1663743619571849448,19.92,19.91,472224
1663743619704425087,19.92,19.91,473624
1663743620000487550,19.92,19.91,483624
1663743621230823491,19.92,19.91,486224
1663743624885528853,19.92,19.91,492709
1663743626123776947,19.92,19.91,519786
1663743626964675967,19.92,19.91,519787
1663743627274794723,19.92,19.91,520687
1663743627958882825,19.92,19.91,520797
1663743627958882825,19.92,19.91,520797
1663743628726384013,19.92,19.91,521300
1663743628726384013,19.92,19.91,521300
1663743628726384013,19.92,19.91,521300
1663743628726384013,19.92,19.91,521300
1663743628726384013,19.92,19.91,521300
1663743628944218584,19.92,19.91,521300
1663743629003778600,19.93,19.91,431360
1663743629003778600,19.93,19.91,431360
1663743630055039054,19.93,19.91,431365
1663743630055039054,19.93,19.91,431365
1663743630055039054,19.93,19.91,431365
1663743630055565488,19.93,19.91,431365
1663743630055565488,19.93,19.91,431365
1663743630055565488,19.93,19.91,431365
1663743630055565488,19.93,19.91,431365
1663743630055565488,19.93,19.91,431365
1663743630055565488,19.93,19.91,431365
1663743630055565488,19.93,19.91,431365
1663743630055565488,19.93,19.91,431365
1663743630055565488,19.93,19.91,431365
1663743630055565488,19.93,19.91,431365
1663743630055565488,19.93,19.91,431365
1663743630055565488,19.93,19.91,431365
1663743630055565488,19.93,19.91,431365
1663743630143376369,19.93,19.91,446160
1663743630255101281,19.93,19.91,446160
1663743633450514383,19.93,19.91,446160
1663743635731668741,19.93,19.92,543844
1663743636890790737,19.93,19.92,543844
1663743636892539970,19.93,19.92,543844
1663743637106529760,19.93,19.92,543844
1663743637968338131,19.93,19.92,545114
1663743637968338131,19.93,19.92,545114
1663743638940985950,19.93,19.92,568418
1663743638940985950,19.93,19.92,568418
1663743639048312572,19.93,19.92,567797
1663743640106091098,19.93,19.92,667834
1663743640904125469,19.93,19.92,667934
1663743641395668642,19.93,19.92,668383
1663743641395829276,19.93,19.92,668383
1663743641395829276,19.93,19.92,668383
1663743642353474007,19.93,19.92,668934
1663743643425161031,19.93,19.92,668949
1663743643566167196,19.93,19.92,669158
1663743643566167196,19.93,19.92,669158
1663743644766183807,19.93,19.92,669163
1663743644831562696,19.93,19.92,669163
1663743644831562696,19.93,19.92,669163
1663743644831562696,19.93,19.92,669163
1663743644855051160,19.93,19.92,669163
1663743645102621589,19.93,19.92,669263
1663743645103079933,19.93,19.92,669263
1663743646082271657,19.93,19.92,669962
1663743646594821742,19.93,19.92,669962
1663743646594821742,19.93,19.92,669962
1663743647387747447,19.93,19.92,669962
1663743647387747447,19.93,19.92,669962
1663743650144370555,19.93,19.92,671201
1663743650235567768,19.93,19.92,671201
1663743650235567768,19.93,19.92,671201
1663743650235567768,19.93,19.92,671201
1663743650987943364,19.93,19.92,671251
1663743651304229195,19.93,19.92,671251
1663743652832947682,19.93,19.92,672374
1663743653392301073,19.93,19.92,672374
1663743654128171960,19.93,19.92,676257
1663743655788602093,19.93,19.92,683293
1663743655788659019,19.93,19.92,683293
1663743655788680883,19.93,19.92,683293
1663743655952242214,19.93,19.92,681151
1663743655993249262,19.93,19.92,680759
1663743656099959858,19.93,19.92,680759
1663743656099959858,19.93,19.92,680759
1663743656099959858,19.93,19.92,680371
1663743658480872874,19.93,19.92,680471
1663743658481175261,19.93,19.92,680471
1663743658481175261,19.93,19.92,680140
1663743658481175261,19.93,19.92,680140
1663743659598593742,19.93,19.92,680140
1663743659775141466,19.93,19.92,681420
1663743660002060953,19.93,19.92,681420
1663743661014974006,19.93,19.92,683070
1663743661014974006,19.93,19.92,683070
1663743661014974006,19.93,19.92,683070
1663743661543107406,19.93,19.92,683072
1663743661543107406,19.93,19.92,683072
1663743661543107406,19.93,19.92,682406
1663743661543107406,19.93,19.92,682406
1663743661876317024,19.93,19.92,682587
1663743662178370036,19.93,19.92,682588
1663743662178370036,19.93,19.92,682588
1663743662178370036,19.93,19.92,682588
1663743662178693526,19.93,19.92,682588
1663743662469388496,19.93,19.92,682588
1663743662958058039,19.93,19.92,683728
1663743662988354645,19.93,19.92,683728
1663743664977668113,19.93,19.92,689089
1663743664977668113,19.93,19.92,689089
1663743664977668113,19.93,19.92,689089
1663743664977668113,19.93,19.92,689089
1663743665339884582,19.93,19.92,690089
1663743665558657248,19.93,19.92,690089
1663743666811244766,19.94,19.92,687896
1663743666811244766,19.94,19.92,686554
1663743666930404141,19.94,19.92,696103
1663743667568178541,19.94,19.92,696103
1663743667568178541,19.94,19.92,696103
1663743667568178541,19.94,19.92,696103
1663743668224248158,19.94,19.92,697603
1663743668441691945,19.94,19.92,698241
1663743668441720450,19.94,19.92,698241
1663743668454481701,19.94,19.92,698241
1663743668837305285,19.94,19.92,698241
1663743669067894579,19.94,19.92,698241
1663743669067894579,19.94,19.92,698241
1663743670638896658,19.94,19.92,721765
1663743670857986972,19.94,19.92,721677
1663743670938311677,19.94,19.92,731588
1663743670938311677,19.94,19.92,729662
1663743670938311677,19.94,19.92,720035
1663743670938422355,19.94,19.92,720035
1663743670938422355,19.94,19.92,720035
1663743671020474998,19.94,19.92,720035
1663743671104286279,19.94,19.92,720035
1663743671104483053,19.94,19.92,720035
1663743671190276351,19.94,19.92,720035
1663743671190468354,19.94,19.92,720035
1663743671506857190,19.95,19.92,719419
1663743671506933625,19.95,19.92,719407
1663743671506975387,19.95,19.92,718795
1663743672899337779,19.95,19.92,719269
1663743675646664207,19.95,19.92,726676
1663743676175995914,19.95,19.92,725695
1663743676175995914,19.95,19.92,725695
1663743676175995914,19.95,19.92,723947
1663743676175995914,19.96,19.92,720595
1663743677100911268,19.96,19.92,729233
1663743677587854967,19.96,19.92,747674
1663743678149663032,19.96,19.92,749453
1663743678491678035,19.96,19.92,747935
1663743678491918620,19.97,19.92,741197
1663743678492669148,19.97,19.92,740254
1663743678492669148,19.98,19.92,733183
1663743678492669148,19.98,19.92,733183
1663743678492669148,19.98,19.92,733183
1663743678492669148,19.98,19.92,733183
1663743678492669148,19.98,19.92,733183
1663743678492669148,19.98,19.92,720909
1663743678492669148,19.99,19.92,684747
1663743678492739252,20.0,19.92,680876
1663743678494018476,20.0,19.99,706693
1663743678495330688,20.0,19.99,709194
1663743678495572787,20.0,19.99,707987
1663743678863188210,20.0,19.99,709487
1663743681058450326,20.0,19.99,723097
1663743681058516815,20.0,19.99,723097
1663743681783890678,20.0,19.99,723747
1663743682245140625,20.0,19.99,728747
1663743684539160071,20.0,19.99,732747
1663743685242284837,20.0,19.99,733747
1663743686559928709,20.0,19.99,734768
1663743686598152423,20.0,19.99,734768
1663743686942419030,20.0,19.99,729163
1663743686942419030,20.0,19.99,729163
1663743686942419030,20.0,19.99,727893
1663743686942419030,20.0,19.99,727893
1663743686942419030,20.0,19.99,724012
1663743686942419030,20.0,19.99,719423
1663743686942419030,20.0,19.99,718327
1663743686942419030,20.0,19.99,716753
1663743686942419030,20.0,19.99,716753
1663743686942419030,20.0,19.99,716753
1663743686942419030,20.0,19.99,716753
1663743686942419030,20.0,19.99,716753
1663743686942419030,20.0,19.99,716556
1663743686942419030,20.0,19.99,716556
1663743686942419030,20.0,19.99,705890
1663743686942419030,20.0,19.99,705890
1663743688712844251,20.0,19.99,702752
1663743688713902966,20.0,19.99,702752
1663743688715020480,20.0,19.99,702752
1663743688715020480,20.0,19.99,702752
1663743688715293868,20.02,19.99,702132
1663743690312445057,20.02,19.99,702138
1663743691873626698,20.02,19.99,738259
1663743692666699342,20.02,19.99,738262
1663743692666699342,20.02,19.99,738073
1663743694089738500,20.02,19.99,745839
1663743694089738500,20.02,19.99,745096
1663743694090295895,20.02,19.99,745096
1663743694132065282,20.02,19.99,745096
1663743694132065282,20.02,19.99,745096
1663743694132065282,20.02,19.99,742361
1663743694495911330,20.02,19.99,743423
1663743696197001613,20.02,19.99,753464
1663743696197001613,20.02,19.99,753435
1663743696197001613,20.02,19.99,745698
1663743696197001613,20.02,19.99,745698
1663743696197001613,20.02,19.99,745698
1663743696197001613,20.02,19.99,745698
1663743696197001613,20.02,19.99,741913
1663743696197001613,20.02,19.99,741913
1663743696197551046,20.02,19.99,741913
1663743696529477393,20.02,19.99,741913
1663743696529634718,20.02,19.99,741913
1663743696568428003,20.02,19.99,737960
1663743696568428003,20.02,19.99,737377
1663743696568428003,20.02,19.99,737377
1663743696568428003,20.02,19.99,732043
1663743696759373455,20.02,19.99,732043
1663743697227860560,20.02,19.99,731963
1663743697867921364,20.02,19.99,732008
1663743698945275872,20.02,19.99,735059
1663743698945320858,20.02,19.99,732842
1663743698947246511,20.02,19.99,736183
1663743698952148408,20.02,19.99,736183
1663743699132795364,20.02,19.99,736183
1663743700305018109,20.02,19.99,748468
1663743700305194586,20.02,19.99,748468
1663743700633565242,20.02,19.99,748468
1663743700987348765,20.02,19.99,748468
1663743700987348765,20.02,19.99,748468
1663743700987348765,20.02,19.99,748468
1663743700987348765,20.02,19.99,748468
1663743701215726140,20.02,19.99,751356
1663743701632434834,20.02,19.99,777266
1663743703627106148,20.02,19.99,777292
1663743703627313804,20.06,19.99,713565
1663743703627313804,20.06,19.99,713565
1663743703627313804,20.06,19.99,710416
1663743703627313804,20.06,19.99,710416
1663743703627313804,20.06,19.99,699350
1663743703627313804,20.06,19.99,699350
1663743704567950590,20.06,19.99,708456
1663743705288312841,20.06,19.99,708556
1663743706304772236,20.06,19.99,729271
1663743706304772236,20.06,19.99,729197
1663743708751857080,20.06,20.04,788025
1663743708773596208,20.06,20.04,787065
1663743708952661792,20.06,20.04,784237
1663743709260240715,20.06,20.04,784237
1663743709667911170,20.06,20.04,784237
1663743710897564292,20.06,20.04,788347
1663743711081612112,20.06,20.04,788347
1663743711555503972,20.06,20.04,795468
1663743712110399483,20.06,20.04,795468
1663743712394999790,20.06,20.04,795468
1663743713163060747,20.06,20.04,838217
1663743714734994337,20.06,20.04,871832
1663743715007347866,20.06,20.04,871832
1663743715076702685,20.06,20.04,871832
1663743715581941073,20.06,20.02,849610
1663743715581941073,20.06,20.0,847991
1663743715581941073,20.06,20.0,847991
1663743715585487451,20.06,20.0,849564
1663743715673022952,20.06,20.0,849564
1663743715987273063,20.06,20.0,849564
1663743716337398964,20.06,20.0,849564
1663743717360203946,20.06,20.0,849564
1663743717779016802,20.06,20.0,849564
1663743717779016802,20.06,20.0,848645
1663743717779016802,20.06,20.0,841116
1663743718043155546,20.06,20.0,841116
1663743718787870544,20.06,20.0,842466
1663743719028975627,20.06,20.0,842466
1663743719115598490,20.06,20.0,841967
1663743719147008142,20.06,20.0,841958
1663743719655407921,20.06,20.0,841958
1663743719728086450,20.0,19.99,834102
1663743720206968639,20.0,19.99,854479
1663743720527546034,20.0,19.99,854479
1663743720554404893,20.0,19.99,853903
1663743720554451086,20.0,19.99,852356
1663743723928253559,20.0,19.99,871364
1663743725448625931,20.0,19.99,872164
1663743726070926754,20.0,19.99,872164
1663743726420585938,20.0,19.99,871800
1663743727326854968,20.0,19.99,870981
1663743727326854968,20.0,19.99,868518
1663743727326854968,20.0,19.99,868300
1663743728298540530,20.0,19.99,869690
1663743728347162355,20.0,19.99,869690
1663743729687346416,20.0,19.99,1030301
1663743729933466308,20.0,19.99,1030301
1663743730498927253,20.0,19.99,1030301
1663743730972819554,20.0,19.99,1030301
1663743731036587064,20.0,19.99,1035301
1663743731221800027,20.0,19.99,1035301
1663743731221800027,20.0,19.99,1035301
1663743731600716313,20.0,19.99,1035301
1663743731692850351,20.0,19.99,1035301
1663743735664587602,20.0,19.99,1036608
1663743736626052320,20.0,19.99,1037708
1663743736626052320,20.0,19.99,1037708
1663743736626052320,20.02,19.99,1036109
1663743736732895420,20.02,19.99,1036109
1663743739308184239,20.02,19.99,1036321
1663743739308184239,20.02,19.99,1036321
1663743739308184239,20.02,19.99,1036321
1663743739308184239,20.02,19.99,1036321
1663743739308184239,20.02,19.99,1036321
1663743740239623444,20.02,19.99,1036421
1663743742821602101,20.02,19.99,1061237
1663743742821602101,20.02,19.99,1058955
1663743742821689033,20.02,19.99,1058955
1663743742821689033,20.02,19.99,1058955
1663743742821689033,20.02,19.99,1057338
1663743743108690443,20.02,19.99,1057338
1663743743108690443,20.02,19.99,1057338
1663743744382329674,20.02,19.99,1060665
1663743745411250330,20.02,19.99,1060665
1663743745784784491,20.02,19.99,1123787
1663743746156906955,20.02,19.99,1124987
1663743746670901048,20.02,19.99,1124988
1663743746984690108,20.02,19.99,1124990
1663743746984690108,20.02,19.99,1124990
1663743747058237715,20.02,19.99,1124990
1663743747120196097,20.02,19.99,1124990
1663743749414915403,20.02,19.99,1124994
1663743749414915403,20.02,19.99,1124994
1663743749414915403,20.02,19.99,1124994
1663743749658504840,20.02,19.99,1124994
1663743749658504840,20.02,19.99,1124994
1663743750526248831,20.02,19.99,1124994
1663743750526248831,20.02,19.99,1124994
1663743750526248831,20.02,19.99,1124994
1663743750526248831,20.02,19.99,1124994
1663743750526248831,20.02,19.99,1124994
1663743750526248831,20.02,19.99,1124994
1663743750607863437,20.02,19.99,1124994
1663743753076168764,20.02,19.99,1127374
1663743753427043549,20.02,19.99,1127375
1663743753836683198,20.02,19.99,1127376
1663743753836683198,20.02,19.99,1127376
1663743754507658181,20.02,19.99,1129678
1663743754507658181,20.02,19.99,1129678
1663743754731329425,20.02,19.99,1129679
1663743754922995801,20.02,19.99,1129679
1663743754944826142,20.02,19.99,1129679
1663743754944826142,20.02,19.99,1129679
1663743754944826142,20.02,19.99,1129679
1663743754944826142,20.02,19.99,1129679
1663743754944826142,20.02,19.99,1129679
1663743754944826142,20.02,19.99,1129679
1663743754944826142,20.02,19.99,1129679
1663743754944826142,20.02,19.99,1129679
1663743755383750748,20.02,19.99,1131537
1663743756434550932,20.02,19.99,1131861
1663743756434550932,20.02,19.99,1131861
1663743756434550932,20.02,19.99,1131861
1663743756434550932,20.02,19.99,1131861
1663743756434550932,20.02,19.99,1131861
1663743756434550932,20.02,19.99,1131861
1663743756434550932,20.02,19.99,1131861
1663743756434550932,20.02,19.99,1131861
1663743756434550932,20.02,19.99,1131861
1663743756434550932,20.02,19.99,1131861
1663743756434550932,20.02,19.99,1131861
1663743756434550932,20.02,19.99,1131861
1663743756434550932,20.02,19.99,1131861
1663743756436808539,20.02,19.99,1131861
1663743758530666389,20.02,19.99,1138820
1663743759354839082,20.02,19.99,1138824
1663743759355035265,20.02,19.99,1138824
1663743760764122811,20.02,19.99,1139326
1663743760764122811,20.02,19.99,1139326
1663743760764660015,20.02,19.99,1128350
1663743760764660015,20.02,19.99,1128350
1663743760764660015,20.02,19.99,1128350
1663743760764660015,20.02,19.99,1128350
1663743760764660015,20.02,19.99,1128350
1663743760764660015,20.02,19.99,1128350
1663743760764660015,20.04,20.02,1126084
1663743760784256751,20.04,20.02,1148060
1663743760893538941,20.04,20.02,1146193
1663743761385688492,20.04,20.02,1145924
1663743761420303277,20.04,20.02,1212549
1663743761751057099,20.04,20.02,1212549
1663743762668317128,20.04,20.02,1241859
1663743762735768805,20.04,20.02,1241859
1663743762913216337,20.04,20.02,1241859
1663743762913216337,20.04,20.02,1241674
1663743762913216337,20.04,20.02,1239598
1663743763116449534,20.04,20.02,1239598
1663743763226645275,20.04,20.02,1239598
1663743763776483097,20.04,20.02,1239598
1663743763776483097,20.04,20.02,1239598
1663743763776483097,20.04,20.0,1226181
1663743763835075917,20.04,20.0,1236739
1663743765489645763,20.04,20.0,1241016
1663743765867188748,20.04,20.0,1241016
1663743766041024810,20.04,20.0,1244480
1663743766365104830,20.04,20.0,1245515
1663743767232092419,20.04,20.0,1245515
1663743768779381252,20.04,20.0,1262930
1663743769331850952,20.04,20.0,1267930
1663743769399348901,20.04,20.0,1267930
1663743770467328082,20.04,20.0,1267930
1663743770644822297,20.04,20.0,1267930
1663743771126492237,20.04,20.0,1269320
1663743771530663248,20.04,20.0,1269320
1663743772328048474,20.04,20.0,1269537
1663743772520286427,20.04,20.0,1273814
1663743773052316031,20.04,20.0,1273837
1663743773052316031,20.04,20.0,1269695
1663743773052316031,20.04,20.0,1269330
1663743773052316031,20.04,20.0,1268465
1663743773052316031,20.04,19.99,1255923
1663743773052316031,20.04,19.99,1255923
1663743773053098746,20.04,20.0,1259599
1663743774118469603,20.04,20.0,1264599
1663743774402823936,20.04,20.0,1264599
1663743774492283517,20.04,20.0,1264599
1663743774499982429,20.04,20.0,1264599
1663743774635162406,20.04,20.0,1264599
1663743774635162406,20.0,19.99,1264645
1663743776490116534,20.0,19.99,1284501
1663743777349488419,20.0,19.99,1284502
1663743778592484352,20.0,19.99,1285259
1663743778927788792,20.0,19.99,1285260
1663743779728728246,20.0,19.99,1285261
1663743779729064559,20.02,20.0,1277975
1663743780064509071,20.02,20.0,1281976
1663743780371763670,20.02,20.0,1281976
1663743780887753379,20.02,20.0,1281976
1663743781731375517,20.02,20.0,1281976
1663743781745953219,20.02,20.0,1281976
1663743782471199809,20.02,20.0,1286310
1663743782750137064,20.02,20.0,1286310
1663743783174821268,20.02,20.0,1291810
1663743783360821473,20.02,19.99,1288867
1663743786749564442,20.0,19.99,1343105
1663743788157294618,20.0,19.99,1343208
1663743789358204326,20.0,19.99,1343310
1663743790950676247,20.0,19.99,1344313
1663743791079742976,20.0,19.99,1344313
1663743791884753241,20.0,19.99,1343406
1663743792715179434,20.0,19.99,1343408
1663743794413448800,20.0,19.99,1343474
1663743795020312370,20.0,19.99,1343625
1663743795020637078,20.0,19.99,1343625
1663743795021124880,20.0,19.99,1336880
1663743795021124880,20.0,19.99,1336880
1663743795021124880,20.0,19.99,1336880
1663743795021124880,20.0,19.99,1336880
1663743795021124880,20.0,19.99,1336880
1663743795021124880,20.0,19.99,1336880
1663743795021124880,20.0,19.99,1336880
1663743795021124880,20.0,19.99,1332323
1663743799641450765,20.0,19.99,1430244
1663743799739641347,20.0,19.99,1430244
1663743800303680691,20.0,19.99,1430244
1663743800610174191,20.0,19.99,1430244
1663743800610174191,20.0,19.99,1430244
1663743800709454676,20.0,19.99,1430244
1663743801152206828,20.0,19.99,1430246
1663743801598903568,20.0,19.99,1430246
1663743801678484962,20.0,19.99,1430246
1663743801678484962,20.0,19.99,1429557
1663743801678484962,20.0,19.99,1429557
1663743802132295233,20.0,19.99,1429557
1663743802555745498,20.0,19.99,1429557
1663743803021220810,20.0,19.99,1429557
1663743803110758264,20.0,19.99,1430592
1663743803161891991,20.0,19.99,1430592
1663743803588723666,20.0,19.99,1430592
1663743804031644111,20.0,19.99,1433592
1663743804427703308,20.0,19.99,1433592
1663743804857803861,20.0,19.99,1433592
1663743805939016277,20.0,19.99,1433592
1663743806346569299,20.0,19.99,1425066
1663743806427005307,20.0,19.99,1451056
1663743806874800158,20.0,19.99,1451056
1663743807274087637,20.0,19.99,1451056
1663743807668494940,20.0,19.99,1451056
1663743807953077716,20.0,19.99,1451056
1663743808021317678,20.0,19.99,1453056
1663743809380384030,20.0,19.99,1468063
1663743809391884424,20.0,19.99,1468063
1663743809924122135,20.0,19.99,1468063
1663743811640781932,20.0,19.99,1487022
1663743812248419100,20.0,19.99,1489742
1663743812248419100,20.0,19.99,1483646
1663743812508252427,20.0,19.99,1512142
1663743812593336068,20.0,19.99,1513272
1663743813198343220,20.0,19.99,1513272
1663743813763110211,20.0,19.99,1513272
1663743813847350702,20.0,19.99,1512202
1663743813928051275,20.0,19.99,1513275
1663743815489083458,20.0,19.99,1540783
1663743815889022448,20.0,19.99,1540783
1663743816813463569,20.0,19.99,1540783
1663743817014328231,20.0,19.99,1540783
1663743817098499806,20.0,19.99,1540783
1663743817098499806,20.0,19.99,1540783
1663743817362932301,20.0,19.99,1529044
1663743817362932301,20.0,19.99,1528045
1663743817362932301,20.0,19.99,1528045
1663743817700638530,20.0,19.99,1527248
1663743817759177636,20.0,19.99,1527248
1663743817811042335,20.0,19.99,1527248
1663743818181202488,20.0,19.99,1527248
1663743818682454020,20.0,19.99,1527859
1663743818767062061,20.0,19.99,1527859
1663743819067260658,20.0,19.99,1552859
1663743819332165517,20.0,19.99,1552859
1663743819566280429,20.0,19.99,1555359
1663743819566280429,20.0,19.99,1555359
1663743819566853376,20.0,19.99,1555359
1663743820535865414,20.0,19.99,1555359
1663743820571342231,20.0,19.99,1555359
1663743822040710831,20.0,19.99,1555359
1663743822040710831,20.0,19.99,1555359
1663743822040710831,20.0,19.99,1555359
1663743822064666765,20.0,19.99,1558452
1663743822064666765,20.0,19.99,1558452
1663743822092213363,20.0,19.99,1558452
1663743822263856494,20.0,19.99,1558452
1663743822336071972,20.0,19.99,1558452
1663743822815064539,20.0,19.99,1558552
1663743822882789285,20.0,19.99,1558552
1663743823049532942,20.0,19.99,1578552
1663743823049532942,20.0,19.99,1578552
1663743823049532942,20.0,19.99,1577140
1663743823393657258,20.0,19.99,1577726
1663743823667580001,20.0,19.99,1577757
1663743823667580001,20.0,19.99,1577757
1663743823667580001,20.0,19.99,1577757
1663743823834183894,20.0,19.99,1577757
1663743823858762727,20.0,19.99,1577758
1663743824131849301,20.0,19.99,1577758
1663743824141005334,20.0,19.99,1577758
1663743824233037507,20.0,19.99,1577758
1663743824707945521,20.0,19.99,1577758
1663743825110365783,20.0,19.99,1577758
1663743825242609101,20.0,19.99,1577758
1663743825316612532,20.0,19.99,1590735
1663743825706254296,20.0,19.99,1590735
1663743825706254296,20.0,19.99,1590735
1663743825706254296,20.0,19.99,1590735
1663743825896450170,20.0,19.99,1590735
1663743826334924886,20.0,19.99,1590735
1663743826334924886,20.0,19.99,1590735
1663743826335072094,20.0,19.99,1589453
1663743826335072094,20.0,19.99,1585001
1663743826335072094,20.0,19.99,1585001
1663743826390360358,20.0,19.99,1585001
1663743826845752478,20.0,19.99,1585001
1663743827418018240,20.0,19.99,1585001
1663743827556505800,20.0,19.99,1591393
1663743827642268698,20.0,19.99,1589537
1663743827642406460,20.0,19.99,1588366
1663743827701555459,20.0,19.99,1588366
1663743827721375582,20.0,19.99,1588366
1663743828187981068,20.0,19.99,1588366
1663743828203389516,20.0,19.99,1588366
1663743828204198587,20.0,19.99,1589234
1663743828333846894,20.0,19.99,1589234
1663743828781474249,20.0,19.99,1589234
1663743829254509446,20.0,19.99,1589234
1663743829477822448,20.0,19.99,1589234
1663743829658561444,20.0,19.99,1589234
1663743829658695630,20.0,19.99,1575866
1663743829658695630,20.0,19.99,1575866
1663743829658695630,20.0,19.99,1575866
1663743829658695630,20.0,19.98,1568148
1663743829658695630,20.0,19.98,1568148
1663743829659301498,20.0,19.98,1568148
1663743829659301498,20.0,19.98,1568148
1663743829659301498,20.0,19.98,1568148
1663743829784006135,20.0,19.98,1568148
1663743830444130888,20.0,19.98,1568148
1663743830811630160,20.0,19.98,1568148
1663743831352079249,20.0,19.98,1569358
1663743831974131933,20.0,19.98,1569358
1663743832125412893,20.0,19.98,1569358
1663743832407564954,20.0,19.98,1545205
1663743832407564954,20.0,19.98,1545205
1663743832407564954,20.0,19.98,1545205
1663743832407564954,20.0,19.98,1545205
1663743832407564954,20.0,19.98,1544743
1663743832407951815,20.0,19.98,1544743
1663743832407951815,20.0,19.98,1544743
1663743832407951815,20.0,19.98,1544692
1663743832407951815,20.0,19.98,1544692
1663743832407951815,20.0,19.98,1544692
1663743832414415941,20.0,19.98,1561713
1663743832414415941,20.0,19.98,1561713
1663743832414415941,20.0,19.98,1561713
1663743832414415941,20.0,19.98,1561713
1663743832414415941,20.0,19.98,1559572
1663743832417009631,20.0,19.98,1581649
1663743832431690083,20.0,19.98,1581649
1663743833024099682,20.0,19.98,1581649
1663743833511306994,20.0,19.98,1583902
1663743833669607717,20.0,19.98,1589944
1663743833906044491,20.0,19.98,1589944
1663743834286084074,20.0,19.98,1589984
1663743834737950867,20.0,19.98,1589984
1663743835098422757,20.0,19.98,1589984
1663743835337488663,20.0,19.98,1589984
1663743835807441203,20.0,19.98,1589984
1663743836305861708,20.0,19.98,1589984
1663743836775790929,20.0,19.98,1589984
1663743837664314512,20.0,19.98,1590284
1663743838350440361,20.0,19.98,1590284
1663743838850771148,20.0,19.98,1590284
1663743838877757809,20.0,19.98,1590284
1663743839400149955,20.0,19.98,1590284
1663743840023827731,20.0,19.98,1590284
1663743840391813656,20.0,19.98,1590284
1663743840921294273,20.0,19.98,1590347
1663743840939468381,20.0,19.98,1590347
1663743841039179779,20.0,19.98,1590347
1663743841649847513,20.0,19.98,1590357
1663743842118786600,20.0,19.98,1590357
1663743842548762457,20.0,19.98,1590357
1663743843067800297,20.0,19.98,1590357
1663743843294277839,20.0,19.98,1590357
1663743843463714957,20.0,19.98,1590357
1663743844825583149,20.0,19.98,1586993
1663743844825583149,20.0,19.98,1586993
1663743844825583149,20.0,19.98,1586993
1663743844825583149,20.0,19.98,1586993
1663743844825583149,20.0,19.98,1586993
1663743844825583149,20.0,19.98,1586993
1663743844825583149,20.0,19.98,1586993
1663743844826196564,20.0,19.98,1583571
1663743844826196564,20.0,19.98,1583571
1663743844826196564,20.0,19.98,1583011
1663743844826196564,20.0,19.98,1583011
1663743844826196564,20.0,19.98,1583011
1663743844826196564,20.0,19.98,1583011
1663743844826196564,20.0,19.98,1583011
1663743844826196564,20.0,19.98,1583011
1663743844827072615,20.0,19.98,1583011
1663743844829042792,20.0,19.98,1589342
1663743844829042792,20.0,19.98,1589332
1663743844829042792,20.0,19.98,1589332
1663743846680822996,19.99,19.98,1636374
1663743847187209993,19.99,19.98,1634557
1663743847187209993,19.99,19.98,1634557
1663743847187209993,19.99,19.98,1634557
1663743847188038979,19.99,19.98,1634557
1663743847193107825,19.99,19.98,1634557
1663743847193107825,20.0,19.98,1632233
1663743848014134584,20.0,19.99,1637235
1663743848095257886,20.0,19.99,1637235
1663743849275254144,20.0,19.98,1637446
1663743849275254144,20.0,19.98,1637446
1663743849299229454,20.0,19.98,1637242
1663743849299505600,19.98,19.97,1647806
1663743854999519851,19.98,19.97,1677898
1663743855290076097,19.98,19.97,1680491
1663743855290076097,19.98,19.97,1679968
1663743857466403088,19.98,19.97,1706264
1663743858004776515,19.98,19.97,1706264
1663743858182990140,19.98,19.97,1705635
1663743858182990140,19.98,19.97,1702099
1663743858182990140,19.98,19.97,1701650
1663743858182990140,19.98,19.97,1700689
1663743858183134675,19.98,19.97,1704698
1663743858183191838,19.98,19.97,1704698
1663743858185480394,19.98,19.97,1704698
1663743858185817932,19.98,19.97,1704698
1663743862544924754,19.98,19.97,1725708
1663743862545435045,19.98,19.97,1725708
1663743862605461280,19.98,19.97,1725708
1663743863118218251,19.98,19.97,1725708
1663743863245658871,19.98,19.97,1725708
1663743863245658871,19.98,19.97,1725708
1663743863525078740,19.98,19.97,1725708
1663743863605378324,19.98,19.97,1725708
1663743865462785414,19.98,19.97,1728948
1663743865569224315,19.98,19.97,1729475
1663743866040175441,19.98,19.97,1732476
1663743866509279133,19.98,19.97,1740779
1663743866593440819,19.98,19.97,1740779
1663743866971197872,19.98,19.97,1740779
1663743867499746346,19.98,19.97,1756206
1663743867900323735,19.98,19.97,1756206
1663743868234877492,19.98,19.97,1756206
1663743868234877492,19.98,19.97,1755188
1663743868234877492,19.98,19.97,1754739
1663743868234877492,19.98,19.97,1751791
1663743868236250791,19.98,19.97,1751791
1663743869543715009,19.98,19.97,1751791
1663743870711965395,19.98,19.97,1747936
1663743871463468430,19.98,19.97,1788657
1663743871938103092,19.98,19.97,1788657
1663743872769097482,19.98,19.97,1788657
1663743872975612583,19.98,19.97,1809616
1663743873059252678,19.98,19.97,1809325
1663743873598665927,19.98,19.97,1809325
1663743873837902261,19.98,19.97,1809325
1663743874550571195,19.98,19.97,1804679
1663743874550571195,19.98,19.97,1803181
1663743874632449049,19.98,19.97,1803181
1663743876202464892,19.98,19.97,1859581
1663743876202614499,19.98,19.97,1859581
1663743876202614499,19.98,19.97,1859581
1663743876503012437,19.98,19.97,1863858
1663743876735568386,19.98,19.97,1863858
1663743876735568386,19.98,19.97,1863858
1663743877694082152,19.98,19.97,1870249
1663743877694409164,19.98,19.97,1870249
1663743877701654503,19.98,19.97,1870249
1663743877893020464,19.98,19.97,1870249
1663743878533334948,19.98,19.97,1882621
1663743878534054734,19.98,19.97,1882423
1663743879866090153,19.98,19.97,1882423
1663743880157649823,19.98,19.97,1882324
1663743880157649823,19.98,19.97,1882324
1663743881225816903,19.98,19.97,1886110
1663743881872978775,19.98,19.97,1886110
1663743881875356017,19.98,19.97,1885528
1663743881875356017,19.98,19.97,1882146
1663743881984075238,19.98,19.97,1882146
1663743882364484774,19.98,19.97,1882146
1663743882733858398,19.98,19.97,1882146
1663743882855687520,19.98,19.97,1881266
1663743882855687520,19.98,19.97,1879933
1663743882855851555,19.98,19.97,1865986
1663743882855851555,19.98,19.97,1864093
1663743882856488644,19.98,19.97,1864093
1663743883237664094,19.98,19.97,1864093
1663743883644462982,19.98,19.97,1864093
1663743884183023162,19.98,19.97,1864093
1663743884212982116,19.98,19.97,1864093
1663743884261752762,19.98,19.97,1864093
1663743884752730245,19.98,19.97,1864093
1663743885306534038,19.98,19.97,1864693
1663743885624940751,19.98,19.97,1864693
1663743885909711453,19.98,19.97,1864693
1663743886267904516,19.98,19.97,1864693
1663743886301238103,19.98,19.97,1864693
1663743886347110758,19.98,19.97,1864693
1663743886503959434,19.98,19.97,1889693
1663743886674244159,19.98,19.97,1889693
1663743887065326401,19.98,19.97,1889693
1663743887070199939,19.98,19.97,1889693
1663743887073911269,19.98,19.97,1889693
1663743887073995226,19.98,19.97,1878004
1663743887073995226,19.98,19.97,1878004
1663743887073995226,19.98,19.97,1878004
1663743887106325906,19.98,19.97,1878004
1663743887110828221,19.98,19.97,1878004
1663743887110828221,19.98,19.97,1878004
1663743887110828221,19.98,19.97,1878004
1663743887110828221,19.98,19.97,1878004
1663743887124320361,19.98,19.97,1903004
1663743887462243942,19.98,19.97,1903004
1663743887574970085,19.98,19.97,1903004
1663743887857188240,19.98,19.97,1903004
1663743888244523431,19.98,19.97,1903004
1663743888292857052,19.98,19.97,1904004
1663743888612854076,19.98,19.97,1904004
1663743888714811583,19.98,19.97,1904004
1663743888714811583,19.98,19.97,1904004
1663743888714811583,19.98,19.97,1903450
1663743888714811583,19.98,19.97,1903450
1663743888715999915,19.98,19.97,1902882
1663743888778310477,19.98,19.96,1902872
1663743888779879419,19.98,19.96,1902872
1663743888780793092,19.98,19.96,1902872
1663743889142587177,19.98,19.96,1902872
1663743889620857701,19.98,19.96,1902872
1663743890184922483,19.98,19.96,1902872
1663743890724124073,19.98,19.96,1902872
1663743891145287543,19.98,19.96,1902872
1663743891145287543,19.98,19.96,1902872
1663743891309221564,19.98,19.96,1902872
1663743891309221564,19.98,19.96,1902038
1663743891379362643,19.98,19.96,1902038
1663743891950728089,19.98,19.96,1902038
1663743892444929617,19.98,19.96,1902038
1663743892531342087,19.98,19.96,1879053
1663743892531342087,19.98,19.96,1879053
1663743892531342087,19.98,19.96,1876783
1663743892531342087,19.98,19.96,1876783
1663743892531342087,19.98,19.96,1876783
1663743892893215086,19.98,19.96,1876783
1663743893068565611,19.98,19.96,1876783
1663743893546141295,19.98,19.96,1876943
1663743893673355393,19.98,19.96,1881109
1663743893674549314,19.98,19.96,1881658
1663743893953796346,19.98,19.96,1881658
1663743893953796346,19.98,19.96,1881658
1663743893953796346,19.98,19.96,1879373
1663743893953796346,19.98,19.96,1879373
1663743893953796346,19.98,19.96,1879373
1663743893953796346,19.98,19.96,1879373
1663743893953796346,19.98,19.96,1879373
1663743894091468802,19.98,19.96,1879373
1663743894522320983,19.98,19.96,1879819
1663743894574168675,19.98,19.96,1879819
1663743894605683526,19.98,19.96,1879819
1663743894898969856,19.98,19.96,1879819
1663743894962441277,19.98,19.96,1876785
1663743895043636115,19.98,19.96,1898030
1663743895462768386,19.98,19.96,1894255
1663743895462768386,19.98,19.96,1894255
1663743895514073539,19.98,19.96,1894777
1663743895576854134,19.98,19.96,1895197
1663743895629712472,19.98,19.96,1895197
1663743896143805546,19.98,19.96,1895197
1663743896524701555,19.98,19.96,1895697
1663743897111353987,19.98,19.96,1896597
1663743897157641523,19.98,19.96,1896597
1663743897198097713,19.98,19.96,1896597
1663743897593867332,19.98,19.96,1901597
1663743897703839524,19.98,19.96,1901597
1663743897759590202,19.98,19.96,1901597
1663743897759590202,19.98,19.96,1901597
1663743897759590202,19.98,19.96,1901597
1663743898156622544,19.98,19.96,1901597
1663743898542592299,19.98,19.96,1901597
1663743899052927706,19.98,19.96,1901601
1663743899107530688,19.98,19.96,1901601
1663743899606590859,19.98,19.96,1901601
1663743899814691073,19.98,19.96,1902601
1663743899814691073,19.98,19.96,1902601
1663743899814691073,19.98,19.96,1902601
1663743899815146977,19.98,19.96,1902601
1663743899815170127,19.98,19.95,1875385
1663743899816374976,19.98,19.95,1875385
1663743900089885819,19.98,19.95,1875816
1663743900621437654,19.98,19.95,1875831
1663743900878061301,19.98,19.95,1883713
1663743900898188005,19.98,19.95,1883713
1663743901006898998,19.98,19.95,1883713
1663743901394306349,19.98,19.95,1881709
1663743901491508395,19.98,19.95,1881709
1663743901974544349,19.98,19.95,1885009
1663743902436165645,19.98,19.95,1886009
1663743902959161855,19.98,19.95,1911009
1663743903018522293,19.98,19.95,1911009
1663743903018522293,19.98,19.95,1911009
1663743903018522293,19.98,19.95,1911009
1663743903018522293,19.98,19.95,1911009
1663743903525168366,19.98,19.95,1936009
1663743903977585573,19.98,19.95,1936009
1663743904098341485,19.98,19.95,1961076
1663743904461309052,19.98,19.95,1961083
1663743904913669905,19.98,19.95,1961084
1663743905235907823,19.98,19.95,1961084
1663743905600289903,19.98,19.95,1960798
1663743905600289903,19.98,19.95,1960798
1663743905870593815,19.98,19.95,1976042
1663743905870672560,19.98,19.95,1956813
1663743905870672560,19.98,19.95,1954376
1663743905870672560,19.98,19.95,1954210
1663743906082478401,19.98,19.95,1952597
1663743906082478401,19.98,19.95,1952223
1663743906314445222,19.98,19.95,1954723
1663743907889545055,19.98,19.95,1954723
1663743908457407586,19.98,19.95,1954723
1663743908677213009,19.98,19.95,1954723
1663743909478214816,19.98,19.94,1955588
1663743909666075424,19.98,19.94,1945745
1663743909666235995,19.98,19.94,1944717
1663743909666235995,19.98,19.94,1944717
1663743909666235995,19.98,19.94,1944717
1663743909666235995,19.98,19.94,1944717
1663743909666937940,19.98,19.94,1936704
1663743909666937940,19.98,19.94,1936704
1663743909948711972,19.98,19.94,1936704
1663743910570391108,19.98,19.94,1954143
1663743910570418309,19.98,19.94,1951269
1663743913320366940,19.98,19.94,1950215
1663743913320366940,19.98,19.94,1950215
1663743913321488713,19.98,19.94,1950737
1663743913712846121,19.98,19.94,1950485
1663743914055613489,19.98,19.94,1949614
1663743914228467152,19.98,19.94,1974649
1663743914228632836,19.98,19.94,1974649
1663743914228632836,19.98,19.94,1974649
1663743914260317516,19.98,19.94,1974654
1663743914945159677,19.98,19.94,1974654
1663743914945159677,19.98,19.94,1974654
1663743915131794972,19.98,19.94,1974654
1663743915563849959,19.98,19.94,1974654
1663743915591264234,19.98,19.94,1974654
1663743915591264234,19.98,19.94,1974654
1663743915591727723,19.98,19.94,1974654
1663743917016418309,19.98,19.94,1974654
1663743917016418309,19.98,19.94,1973671
1663743917016418309,19.98,19.94,1973671
1663743917016418309,19.98,19.94,1973671
1663743917023932743,19.98,19.94,1992265
1663743917024211990,19.98,19.94,1989382
1663743917137624915,19.98,19.94,1989382
1663743917137624915,19.98,19.94,1989382
1663743917137624915,19.98,19.94,1989382
1663743917322175474,19.98,19.94,1989382
1663743917513921829,19.98,19.94,1989382
1663743917513921829,19.98,19.94,1989382
1663743917513921829,19.98,19.94,1989382
1663743917513921829,19.98,19.94,1989382
1663743918111059993,19.98,19.94,1989382
1663743918111059993,19.98,19.94,1988961
1663743918111059993,19.98,19.94,1988862
1663743918443675146,19.98,19.94,1988862
1663743918443675146,19.98,19.94,1988862
1663743918469032736,19.98,19.93,1986037
1663743918469032736,19.98,19.93,1985824
1663743918494491197,19.98,19.93,1985824
1663743918904616798,19.98,19.93,1985824
1663743919261622001,19.98,19.93,1986351
1663743919768617089,19.98,19.93,1986351
1663743919768617089,19.98,19.93,1986351
1663743919768617089,19.98,19.93,1984437
1663743919768617089,19.98,19.93,1984437
1663743919770348545,19.98,19.93,1984911
1663743919822617668,19.98,19.93,1984911
1663743919822617668,19.98,19.93,1984886
1663743919822617668,19.98,19.93,1984886
1663743919822617668,19.98,19.93,1984552
1663743919822617668,19.98,19.93,1984552
1663743919822617668,19.98,19.93,1984552
1663743919827868556,19.98,19.93,1984552
1663743920064248750,19.98,19.93,1984552
1663743920431368716,19.98,19.93,1984552
1663743922400320415,19.98,19.93,1974908
1663743922400320415,19.98,19.93,1974908
1663743922400320415,19.98,19.93,1974089
1663743922443294485,19.98,19.93,1973146
1663743922443438533,19.98,19.92,1968709
1663743922443833579,19.98,19.92,1967272
1663743922547933673,19.98,19.92,1968672
1663743922915526631,19.98,19.92,1968672
1663743922915920316,19.93,19.92,1979063
1663743922915996898,19.93,19.92,1975920
1663743922945478027,19.93,19.92,1974970
1663743924673960552,19.93,19.92,1975980
